id,iso2_code,name,capital,region_id,gdp,gdp_per_capita,gdp_growth_perc,co2_emisssions,co2_emissions_per_capita,urban_population,urban_population_perc
ABW,AW,Aruba,Oranjestad,LCN,1911173189.28251,20203.5306913877,1.56854555249026,2288.208,21.6838314728124,50411.872,46.9
AFG,AF,Afghanistan,Kabul,SAS,17243112603.5529,501.470944938536,8.19999999999996,1.0,814.074,0.025034830063358,27.0,19.0,8527496.89457131,24.8
AGO,AO,Angola,Luanda,SSF,84390572976.7371,4422.54282362989,2.3,100957.649,11895.815,8.40713580570061,2.29389915697243,-748.68207012298,0.43,10.5997083485235,202.154500255051,24370.882,1.35108829355686,40.0,8.0,11162918.52,58.5
ALB,AL,Albania,Tirane,ECS,11786099137.931,3678.23174785101,3.4999999999995,1253.804,1717.155,13.8238121691783,26.3735655779472,26.983644458421,1.4,32.0402298850575,1747.09801006852,4176.713,1.31285501306502,114.0,84.0,1538056.32,48.0
AND,AD,Andorra,Andorra la Vella,ECS,3712034266.50674,44952.3991729748,3.57073718591123,1.32,539.049,6.52783462707534,74680.32,88.0
ARB,1A,Arab World,"",NA,1941222686112.63,5424.42227614783,3.51343595479821,1602280.63819817,551404.78158977,4.85304038003808,0.440655065899498,-190.580550803472,0.44,18.1670211056253,2096.32776685686,1510748.995,4.41639372366802,201936491.342607,56.4277766709767
ARE,AE,United Arab Emirates,Abu Dhabi,MEA,297648476848.078,39624.7018777503,1.43212977281455,168799.836,59590.288,5.2634487160853,0.0,-183.267360614199,0.71,14.4578107086021,11463.6288761121,155066.429,24.9840257737581,313.0,293.0,5859118.2,78.0
ARG,AR,Argentina,Buenos Aires,LCN,368736062143.67,9124.33513297189,9.16091692451609,80818.691,74248.792,7.16129165600091,6.78748551222221,-8.84849278086572,1.05,18.0895506751005,2758.76649642421,192378.154,4.84405273889016,314.0,37341035.424,92.4
ARM,AM,Armenia,Yerevan,ECS,9371187175.50714,3030.71441270033,2.09636589169197,824.933,2601.206,5.70561792820749,31.6749230933652,68.2865178690192,0.99,10.2435769102436,1550.41574026922,5548.171,1.80188835196927,105.0,96.0,1969649.864,63.7
ASM,AS,American Samoa,Pago Pago,EAS,63630.6,93.0
ATG,AG,Antigua and Barbuda,Saint John's,LCN,1211324625.82222,13654.8824915142,-5.19779953603425,146.0,13.3687145133036,0.96,447.374,5.14927314372533,26879.13,30.3
AUS,AU,Australia,Canberra,EAS,924843128520.741,42130.8203246555,2.25693711406814,324019.303,125837.303,5.71763267610798,1.31619000130669,-157.490660778068,1.23,17.9659219293998,11113.3078531503,399218.956,18.5696190897039,687.0,551.0,19894960.8,89.1
AUT,AT,Austria,Vienna,ECS,379069258278.146,45209.3961448017,2.31467219526742,11173.349,33065.694,8.97704100422369,10.1498913042624,66.2086360564517,1.55,21.9936232930277,7944.38915636366,67725.823,8.12359651507042,562.0,514.0,5668087.62,67.6
AZE,AZ,Azerbaijan,Baku,ECS,51774221668.7422,5722.21604547229,5.0,64558.519,11967.985,6.42154177235229,1.66064713483515,-439.426804094424,0.56,12.2316151716915,1620.51603024427,47139.285,5.37910913572358,89.0,72.0,4723020.504,52.2
BDI,BI,Burundi,Bujumbura,SSF,1610544922.06225,192.123813999542,3.89999999999998,1.42,179.683,0.022620457147677,6.0,2.0,922113.39,11.0
BEL,BE,Belgium,Brussels,ECS,469374172185.43,43144.3434355018,2.26554973008035,15354.166,56798.886,6.29371505457692,22.3795163869939,72.9674874257217,1.62,15.1238413874332,7903.02925218402,104879.867,9.79272935608708,543.0,479.0,10596300.866,97.4
BEN,BJ,Benin,Porto-Novo,SSF,6633055845.51675,749.506982177494,2.99999999999963,1995.556,3474.852,3.52079443172353,0.0,42.5714821811116,1.21,22.6622296173045,91.2602765174753,4066.703,0.486681753666237,21.0,17.0,3716954.64,42.0
BFA,BF,Burkina Faso,Ouagadougou,SSF,8820312673.51401,535.579928919405,9.24218384852766,1.28,1855.502,0.119592081549659,11.0,7.0,3359617.656,20.4
BGD,BD,Bangladesh,Dhaka,SAS,100357022443.833,674.931630671381,6.06933986445493,24837.91,29599.326,7.04860106058632,0.450929186698373,16.0862311526958,0.63,6.44145433724592,251.628671113669,46526.896,0.319820179366957,2.0,1.0,41782488.811,28.1
BGR,BG,Bulgaria,Sofia,ECS,47714490182.803,6325.39234128226,0.200000000000003,9826.067,17480.246,4.9470198713842,24.8897984616464,43.7875931494328,1.58,12.9126851711411,4400.84686737777,50538.594,6.62940776386374,353.0,310.0,5408564.025,71.7
BHR,BH,Bahrain,Manama,MEA,20594899945.7441,17608.8298050614,6.3,17548.0,9469.2,2.70418522180082,0.0,-85.3166054154522,0.13,11.1315846520702,9214.43460803811,22478.71,21.3603057511743,509.0,429.0,1117985.81,88.6
BHS,BS,"Bahamas, The",Nassau,LCN,7538000000.0,21984.5600608965,0.899999999999991,709.0,11.6883770347349,2156.196,6.4622356223832,82.0,290.0,288359.557,84.1
BIH,BA,Bosnia and Herzegovina,Sarajevo,ECS,16577887610.0203,4408.83795031003,0.799999999999997,4473.804,5952.564,4.60290701994167,9.01383000669963,24.8424040463908,1.42,15.2253756260434,2867.01402426903,31275.843,8.28682669857483,135.0,119.0,1827432.414,48.6
BLR,BY,Belarus,Minsk,ECS,54713128376.2687,5765.04171289907,7.61036904193497,4045.351,26760.351,4.11751955559546,0.0144616937199366,84.8830420796798,0.86,5.53561911529579,3298.62206794993,62815.71,6.54194022078734,282.0,240.0,7051441.5,74.3
BLZ,BZ,Belize,Belmopan,LCN,1401000000.0,4064.40382941688,2.89788021534321,178.0,10.8737976960242,0.98,425.372,1.32062092517852,178.0,121.0,181656.9,52.7
BMU,BM,Bermuda,Hamilton,NAC,5715300000.0,88746.8944099379,-8.09999999999999,388.702,6.05454828660436,64600.0,100.0
BOL,BO,Bolivia,La Paz,LCN,19649724655.5819,1978.85432654434,4.12672335557637,14194.63,6231.553,6.65623358955784,3.16864832891576,-127.786396103828,0.54,25.3249034070952,558.349919951428,12834.5,1.33436038553341,68.0,18.0,6603349.585,66.5
BRA,BR,Brazil,Brasilia,LCN,2087889553821.68,10710.0659674509,7.48964289382683,230306.734,240161.612,7.59391530151536,15.6180368243031,4.10343598126748,1.14,23.0372432884826,2206.19652784595,393219.744,2.052903303498,198.0,158.0,168628696.55,86.5
BRB,BB,Barbados,Bridgetown,LCN,4109500000.0,15034.8844441355,-5.30000002313852,401.0,12.5927871441062,1.14,1353.123,4.97142699684033,406.0,352.0,111519.048,40.8
BRN,BN,Brunei Darussalam,Bandar Seri Begawan,EAS,10732435033.6862,27390.050030207,-1.76537149371698,18939.296,3123.459,5.66475721831863,0.0,-506.356478506681,0.24,10.4712041884817,8661.76496859664,10593.963,27.538603309115,696.0,649.0,301982.44,75.7
BTN,BT,Bhutan,Thimphu,SAS,1516078205.35534,2088.43458874747,7.44343554082624,244.0,11.8486886761595,0.82,733.4,1.04567820087458,47.0,38.0,267145.92,36.8
BWA,BW,Botswana,Gaborone,SSF,14857275329.7005,7402.9309869979,7.19406940219342,938.127,2048.352,11.3880810841097,0.00698122197747262,54.2008893002765,0.97,30.8927727916863,1503.34884960254,4840.44,2.47615383907077,113.0,56.0,1226243.395,61.1
CAF,CF,Central African Republic,Bangui,SSF,2013014939.11488,457.394140425748,3.3,1.69,260.357,0.0614344964477021,0.3,0.28,1712008.839,38.9
CAN,CA,Canada,Ottawa,NAC,1577040082217.76,46235.6430460359,3.21494840783281,395774.822,255322.415,4.7078610328079,21.2603907103103,-55.0098223847679,1.08,16.5321567936545,15466.7026280457,544091.125,16.3334811806168,605.0,399.0,27491654.112,80.6
CHE,CH,Switzerland,Bern,ECS,527919933356.441,67463.7111405283,2.71404472542336,12706.823,26305.711,11.1809725484905,39.4609900488909,51.6955728738904,1.77,21.6059323620838,8021.09446861637,40392.005,5.28160584752882,567.0,522.0,5759378.848,73.6
CHI,JG,Channel Islands,"",ECS,11514605842.3369,76413.0483468397,5.8983296614699,48152.528,31.4
CHL,CL,Chile,Santiago,LCN,212740792703.085,12431.0313886221,5.19813625863219,9555.788,31255.079,7.44442163998487,6.086709939207,69.4264474583475,1.02,18.4315970234688,3283.01860308402,73108.979,4.35286679071111,172.0,109.0,15231182.32,89.0
CHN,CN,China,Beijing,EAS,5926612009749.61,4428.46459914328,10.4,2084939.71,2257100.875,3.66084486837128,3.65681786375631,7.62753525581793,1.04,5.34069920672908,2631.40275503613,7031916.207,5.30848878160729,37.0,27.0,600896480.665643,44.9
CIV,CI,Cote d'Ivoire,Yamoussoukro,SSF,22780280529.8853,1154.14486568337,3.01000000000001,11890.695,10352.88,3.15303594853979,1.75856380060428,-14.8539826598975,1.3,4.2031523642732,203.462258913761,7014.971,0.369461653434899,20.0,16.0,9888637.8,50.1
CMR,CM,Cameroon,Yaounde,SSF,22393529277.5558,1142.59177025574,2.60000000000001,8848.61,6917.839,5.64997248385693,4.99254174605683,-27.9100308636845,1.1,9.77189524077725,271.238195845138,5302.482,0.282666706754566,11.0,11445751.176,58.4
COD,CD,"Congo, Dem. Rep.",Kinshasa,SSF,13145120704.878,199.271769632701,7.24463630127141,23346.441,22920.861,0.835570330674066,2.92471561168666,-1.85673653358832,1.27,0.993258426966292,103.855965793197,2816.256,0.0450781986833401,5.0,23219959.84,35.2
COG,CG,"Congo, Rep.",Brazzaville,SSF,11897620542.0545,2942.84387071123,8.7513513246675,15275.776,1402.265,10.0956847715287,2.02386852699026,-989.364421132953,0.84,25.8771929824561,146.392676408249,1936.176,0.504693667582557,26.0,15.0,2510640.279,62.1
COL,CO,Colombia,Bogota,LCN,288188988824.431,6225.07784019458,4.30716159155202,99149.913,31831.807,11.8342827195429,11.1061492676178,-211.480630050314,0.95,25.0633734156646,1047.04853747458,67700.154,1.50425458666622,58.0,41.0,34767425.591,75.1
COM,KM,Comoros,Moroni,SSF,541097513.043197,736.437581549095,2.09999999999999,41.0,16.7970009703941,124.678,0.178869323447637,33.0,31.0,207199.5,28.2
CPV,CV,Cape Verde,Praia,SSF,1648089239.77701,3322.7672631941,5.4099212281766,103.0,14.8428628658219,1.33,308.028,0.632019549788559,94.0,67.0,303055.389,61.1
CRI,CR,Costa Rica,San Jose,LCN,35831464225.5707,7690.99233906525,4.22735032644033,2707.89,4898.615,9.46933987312272,39.516843026039,44.7213140857161,0.97,29.5282826220135,1812.54206792295,8016.062,1.77263206404778,163.0,126.0,2995664.341,64.3
CUB,CU,Cuba,Havana,LCN,62704800000.0,5565.39706334614,4.30942348842053,5565.053,11505.44,0.115858237494611,51.6311153680346,1.24,2.6542800265428,1347.55405221588,31418.856,2.78859686843903,38.0,21.0,8522290.103,75.7
CUW,CW,Curacao,Willemstad,LCN
CYM,KY,Cayman Islands,George Town,LCN,557.384,10.0801880821051,56230.0,100.0
CYP,CY,Cyprus,Nicosia,ECS,23132450331.1258,28779.1855483898,1.04448742746615,84.619,2505.599,8.24225065615214,2.47306133184121,96.6228035691266,1.47,26.2954369682908,4620.01351707012,8555.111,7.94345687701311,659.0,514.0,775863.841,70.3
CZE,CZ,Czech Republic,Prague,ECS,192032097601.843,18245.1739226784,2.34649451572815,31437.491,42333.669,5.60982299669693,18.0769661141348,25.7387990632232,1.69,12.9234629861982,6114.03754184395,116995.635,11.2233177249851,513.0,424.0,7735941.15,73.5
DEU,DE,Germany,Berlin,ECS,3280529801324.5,40152.2189327614,3.69036027263876,129196.907,331500.813,8.24290763210181,13.0952915641869,61.0266696389671,1.68,14.9172045191539,6778.66131414345,786659.508,9.58054534998296,554.0,502.0,60296318.802,73.8
DJI,DJ,Djibouti,Djibouti,MEA,1049054416.75435,1202.91990133398,4.99950314125141,143.0,11.4580382116477,1.07,524.381,0.612855232832653,782958.796,88.1
DMA,DM,Dominica,Roseau,LCN,466389674.074074,6883.26924264761,0.0580369608679518,43.0,16.3865761663266,128.345,1.88302351853754,50546.722,74.6
DNK,DK,Denmark,Copenhagen,ECS,309865711250.294,55890.6822592822,1.29561288042059,23206.644,19682.868,9.15420823507187,3.56072092745834,-17.9027568543365,1.79,22.5092056812204,6246.49766118454,46024.517,8.37781073721686,477.0,377.0,4834489.208,87.2
DOM,DO,Dominican Republic,Santo Domingo,LCN,51766377245.509,5214.53697931657,7.75122086640137,1891.639,8093.038,9.54774506072274,1.55570751057885,76.6263422956867,1.03,17.5814751286449,1358.19138637595,21616.965,2.23663541697276,123.0,62.0,6998760.6,70.5
DZA,DZ,Algeria,Algiers,MEA,159425577393.596,4494.88672767442,3.00637524812753,152291.931,39757.751,6.51353691042377,0.0739780275800812,-283.049662441922,0.19,16.0700315627613,970.982457080035,111304.451,3.23296039494333,112.0,72.0,23586358.32,66.5
EAP,4E,East Asia & Pacific (developing only),"",NA,7630541777027.85,3890.04320831541,9.68962443083825,2758425.53491749,2790856.14140056,3.85984275520379,4.12359887885157,1.17507572329576,0.925,7.01755715127758,2094.88311807309,8259297.79712798,4.26968999311718,46.9876195846267,33.2904970770683,901290814.565135,45.9477231678536
EAS,Z4,East Asia & Pacific (all income levels),"",NA,16184757259374.0,7351.46228636857,6.5595070427801,3249424.66258107,3775002.4724341,7.03722815133969,14.8768612458656,45.7687686723302,0.98,8.89333886903073,2798.00227134216,10757083.9694856,4.9504559955591,104.193846057552,68.7352632254504,1063662060.33413,48.8269619787576
ECA,7E,Europe & Central Asia (developing only),"",NA,3059039883052.93,7551.44021785956,5.68144592082702,1673271.17542698,1137574.33131394,8.70992133742435,6.51595477326398,71.1002135840037,1.13,7.60090369237668,3861.4339032499,3110254.40771698,7.73792616468002,187.846370063881,154.758931017274,258691826.2,64.1471788701456
ECS,Z7,Europe & Central Asia (all income levels),"",NA,20053411922108.2,22526.8432298524,2.44530553568458,2681233.654216,2798518.95755335,8.18802352926593,17.3319624477377,42.6009836378084,1.515,13.4213575288034,5308.37662354635,6941692.27333535,7.85751437107422,449.337210571478,384.471186069778,621825657.664452,69.9950087027488
ECU,EC,Ecuador,Quito,LCN,57978116000.0,4008.23796405867,3.58160248645751,27324.043,11351.791,8.85841123272091,6.98876503276003,-140.702484744478,0.28,37.6280688188672,1115.44552680961,26824.105,1.90827353995308,63.0,38.0,9676910.391,66.9
EGY,EG,"Egypt, Arab Rep.",Cairo,MEA,218894280919.77,2698.36507372516,5.14661879114303,88186.134,72014.991,5.93885133567288,1.67139644577613,-22.4552454641007,0.32,16.7119219346627,1548.59357764443,210320.785,2.68529020573163,43.0,31.0,34719820.956,42.8
EMU,XC,Euro area,"",NA,12145354916724.7,36618.1892213858,1.94967822104475,473264.790763743,1205761.81827371,8.1802724485904,19.1708731868157,60.6673541648599,1.62,17.6673385345595,6592.2762009794,2633269.033,7.99114161232381,592.383728722029,418.0,244040910.559428,73.5782223071859
ERI,ER,Eritrea,Asmara,SSF,2117008130.0813,402.957496823424,2.20324979344532,561.519,725.528,3.46955126394464,0.023706872787818,22.6054680177746,1.07,5.2863436123348,51.0004123187181,414.371,0.0837532574394328,11.0,6.0,1134794.016,21.6
ESP,ES,Spain,Madrid,ECS,1407405298013.25,30541.6064566988,-0.143749869533949,33900.892,128135.941,9.68643802134665,18.9267350055985,73.5430264643704,1.47,23.0890606874986,6006.34817960228,329285.599,7.22819500850343,606.0,486.0,35667138.276,77.4
EST,EE,Estonia,Tallinn,ECS,19216566443.6351,14344.5107465966,3.10461109889305,4897.452,5472.786,4.05503167243762,0.477709159466495,10.5126346983054,1.57,13.4679510929974,5950.28915793895,18290.996,13.6431245454715,477.0,412.0,931053.97,69.5
ETH,ET,Ethiopia,Addis ababa,SSF,29717009195.6346,358.254052251291,10.1369447540748,30372.986,32677.94,2.15227472433897,0.982415048194592,7.05354743903685,0.78,4.00580368407772,45.7581341303567,7106.646,0.0894520620243437,3.0,1.0,14599119.216,17.6
EUU,EU,European Union,"",NA,16222783027519.7,32310.6580440546,2.11043580236228,834294.529165127,1716832.87275803,8.14246933149226,17.1529609519966,52.1096186366418,1.61,17.3656504821983,6065.85374925907,3906818.133,7.8296118373113,548.652421131305,470.664159296721,371698294.756428,74.0305561447762
FIN,FI,Finland,Helsinki,ECS,238745695364.238,44512.0119091566,3.73152474648901,17152.648,35611.07,4.77891006629451,19.8582547505593,51.8333821477423,1.6,11.1473549851085,15241.6119437986,56512.137,10.6357789053674,534.0,461.0,3427355.736,63.9
FJI,FJ,Fiji,Suva,EAS,3189296039.24229,3705.79921666315,0.31857252785457,524.0,6.85286766717229,1254.114,1.48653175305903,175.0,115.0,459572.682,53.4
FRA,FR,France,Paris,ECS,2560002000000.0,39459.5473963502,1.47996036483696,135794.587,264230.239,7.27947230070886,44.723090910121,48.6074767543922,1.72,15.5751515037806,7488.43452219072,376985.935,5.87313280962041,598.0,495.0,50474009.1414281,77.8
FRO,FO,Faeroe Islands,Torshavn,ECS,2198138372.28824,45205.9305354907,707.731,14.5632652221331,20700.9,42.5
FSM,FM,"Micronesia, Fed. Sts.",Palikir,EAS,297451432.835357,2678.19845166171,3.12503558496032,62.339,0.564833691230168,36.0,16.0,25211.528,22.7
GAB,GA,Gabon,Libreville,SSF,13011421194.3918,8642.80370516698,5.66305629840345,13586.888,1793.986,10.71327226695,4.24730181840884,-657.357526758849,9.98552821997106,922.495489044435,2471.558,1.70415842130303,1294698.18,86.0
GBR,GB,United Kingdom,London,ECS,2248831038714.16,36143.937978999,2.09216555580917,149654.057,204233.932,9.81557264955038,8.53619466132592,26.7241953702385,1.98,18.8894219237227,5692.47674452283,522855.528,8.51646101222961,526.0,462.0,56059103.661,90.1
GEO,GE,Georgia,Tbilisi,ECS,11667377223.7153,2620.23383572477,6.36768048479624,1258.363,3188.759,5.97434105608623,21.3694104822597,60.5375319991257,1.13,19.4779116465863,1585.1999637254,5203.473,1.18700481328558,116.0,95.0,2355531.2,52.9
GHA,GH,Ghana,Accra,SSF,31305891329.2222,1283.45844954771,6.62008416711288,7047.452,9240.419,3.61334992387563,6.40038076195463,23.7323329169381,0.83,11.9780103605032,265.106339290279,8591.781,0.369313789579309,33.0,21.0,12561788.845,51.5
GIB,GI,Gibraltar,"",ECS,0.0,163.747,0.0,100.0,62.2641509433962,5947.29466452473,421.705,14.3990507733807,100.0
GIN,GN,Guinea,Conakry,SSF,4510589866.06099,451.890917785743,1.93265319866175,0.95,1393.46,0.145772985141922,3533482.86,35.4
GMB,GM,"Gambia, The",Banjul,SSF,806523947.750363,466.631999272367,5.01262871575676,133.0,13.9875387948234,410.704,0.251025146888315,7.0,5.0,1004196.914,58.1
GNB,GW,Guinea-Bissau,Bissau,SSF,878517652.020351,579.793912992634,3.47252358540635,95.0,15.4285461957279,282.359,0.194227095725076,33.0,27.0,454567.2,30.0
GNQ,GQ,Equatorial Guinea,Malabo,SSF,14006505450.4853,19997.8375965844,0.945260029787235,1759.0,10.5425365270859,4814.771,7.26947716158333,278059.197,39.7
GRC,GR,Greece,Athens,ECS,301083245491.391,26599.6968553708,-3.51671819461889,9187.557,27015.522,10.1392105015638,3.65464343054337,65.9915621841399,1.78,21.4471218646241,5540.22242784567,97813.558,8.70452431918786,560.0,443.0,6949895.472,61.4
GRD,GD,Grenada,Saint George's,LCN,773270880.047247,7400.64199419303,-0.828944251412864,81.0,13.1960672184665,1.02,245.689,2.36870318058675,32390.97,31.0
GRL,GL,Greenland,Nuuk,ECS,1267711816.12426,22507.8887155204,-5.41198629373936,575.719,10.2208315580173,47488.56,84.0
GTM,GT,Guatemala,Guatemala City,LCN,41186395243.349,2862.36697973483,2.7830282556486,6051.621,9841.909,6.1052647463685,1.84374799645069,38.5117155624991,0.85,22.6585728444004,548.112201674507,11914.083,0.87022255600567,117.0,7122519.855,49.5
GUM,GU,Guam,Agana,EAS,167663.072,93.2
GUY,GY,Guyana,Georgetown,LCN,2225615170.87284,2949.8155329113,3.60000000000001,500.0,4.25822814260743,0.85,1525.472,2.02969219428988,95.0,59.0,215030.505,28.5
HIC,XD,High income,"",NA,43060749784482.4,38208.2223392528,3.13979955517918,4806074.06581282,5607313.53395425,6.77891257410743,14.7615973623564,28.8895184995734,1.55,18.7934955935442,9062.38304959811,13284694.5075709,11.9406893351837,622.543371981895,432.024776511038,856096179.423452,77.5692949332092
HKG,HK,"Hong Kong SAR, China","",EAS,224457859239.047,31757.8113753992,6.97007129287528,52.383,14938.755,18.4497215199026,0.000575683850494904,99.6493482890643,1.32,10.0579997170746,5924.58272056199,38573.173,5.52806411854909,73.0,55.0,7067800.0,100.0
HND,HN,Honduras,Tegucigalpa,LCN,15400319554.1743,2026.2181336674,2.77325500518988,2194.857,4407.401,5.90421486266955,5.45768356453157,50.200651132039,0.92,21.3235294117647,678.262043782197,8672.455,1.18756146663815,97.0,69.0,3709055.712,48.8
HPC,XE,Heavily indebted poor countries (HIPC),"",NA,428050114326.512,673.478161423329,5.23397493072974,270838.338262003,228489.821198302,3.16794318935021,3.99879559498663,-18.5017795373216,1.105,8.20091753329459,123940.933,0.205193470787912,21.3539787105722,208834360.02885,32.8572230509824
HRV,HR,Croatia,Zagreb,ECS,60851860676.6097,13754.4393837741,-1.19127428472777,4065.695,8702.426,8.29457973162033,6.79525456464669,53.2809012107658,1.49,21.1019283746557,3711.8334786608,23303.785,5.25570252593595,388.0,346.0,2557165.32602358,57.8
HTI,HT,Haiti,Port-au-Prince,LCN,6709734806.79642,671.426895262013,-5.0517302889761,1866.663,2595.165,4.04067553323888,0.68596794423476,28.0715099039945,8.76307248467364,35.6844485044516,2434.888,0.250082680007214,4956650.512,49.6
HUN,HU,Hungary,Budapest,ECS,128631634125.228,12851.9783357772,1.25815287552346,10977.234,25441.442,6.66563396118522,16.8392302606118,56.8529409614439,1.61,16.4865069166226,3773.15380662799,54638.3,5.44304410317878,384.0,304.0,6835944.149,68.3
IDN,ID,Indonesia,Jakarta,EAS,706558240891.857,2945.57669106807,6.10486082899546,351841.454,201998.596,4.34214908690859,8.39620538748695,-74.1801482620206,0.51,11.84272117335,590.15352032318,406028.575,1.72814037338161,77.0,43.0,128810693.169,53.7
IMN,IM,Isle of Man,Douglas,ECS,4075664785.25458,50191.0617249926,7.5,41931.714,50.6
IND,IN,India,New Delhi,SAS,1727111096363.26,1474.98082423088,8.80640365279095,502469.734,675829.796,5.11712655516688,2.34717988077578,25.6514381322128,0.82,6.57500406619934,596.82207625705,1742697.746,1.52872925967118,15.0,10.0,352452338.0,30.1
INX,XY,Not classified,"",NA
IRL,IE,Ireland,Dublin,ECS,211389968514.157,47170.2042683155,-0.429352386923441,1945.323,14937.881,10.6236119901185,1.97347937100316,86.9772493166869,1.69,29.437287230492,6033.94258099791,43604.297,9.85255767301906,534.0,451.0,2774005.17,61.9
IRN,IR,"Iran, Islamic Rep.",Tehran,MEA,331014973186.136,4525.94860803344,1.8,349781.692,215850.015,3.54496454728929,0.308111166913748,-62.0484909394146,0.016,18.5743344568009,2237.50863241208,538403.608,7.44790273292347,128.0,113.0,51411672.85,69.5
IRQ,IQ,Iraq,Baghdad,MEA,82150312820.5128,2564.72685874135,0.844300000000004,119640.114,32174.767,3.15402559938402,0.862545484789369,-271.844538920826,0.56,29.7923040715462,1068.58104486857,102936.357,3.41094043685958,21268466.6700103,66.4
ISL,IS,Iceland,Reykjavik,ECS,12574305880.4794,39616.8403092628,-3.99988322026657,4567.625,5356.417,1.94613243258348,85.2475824791087,14.7261126234197,1.71,5.34728829686013,51259.1876269627,2229.536,7.02406321082246,767.0,661.0,292958.354,92.3
ISR,IL,Israel,"",MEA,217332709280.556,28504.1456968964,4.65656568523653,3730.068,21908.008,9.05590940937547,4.76575962543012,82.9739518079416,1.87,15.9752828388387,6607.61996366357,37663.757,5.15320668235552,313.0,260.0,6991758.2,91.7
ITA,IT,Italy,Rome,ECS,2051412153369.54,33916.8771832833,1.5374494012917,28825.356,170171.244,9.50885881314753,5.95940169538868,83.0609712179104,1.69,21.284766406108,5270.53962591941,445118.795,7.43945486257487,673.0,596.0,41370728.364,68.4
JAM,JM,Jamaica,Kingston,LCN,14252029781.7476,5274.03685073739,-0.599999999999994,530.877,3256.921,5.74488299486198,0.43040650970656,83.7000344804188,0.98,12.4686573968543,1901.61745066034,12203.776,4.54144685918428,188.0,138.0,1451135.1,53.7
JOR,JO,Jordan,Amman,MEA,27573536000.0,4559.87034893335,3.10695446202057,293.107,7450.699,4.05941623623734,1.68211063149914,96.0660469574734,0.73,21.7108058348676,2111.91885038039,21382.277,3.69488111283912,146.0,102.0,4746895.0,78.5
JPN,JP,Japan,Tokyo,EAS,5458836663870.85,42831.0475042765,4.0,95059.794,494896.066,7.87347419435274,17.1629103230738,80.7919681462976,1.37,13.9327764310117,7819.18286901394,1208162.823,9.46064684406225,593.0,319.0,85136906.612,66.8
KAZ,KZ,Kazakhstan,Astana,ECS,149058911550.682,9135.72289559554,7.30000000000004,145814.065,65835.028,2.52232470960106,0.898600665894758,-121.484017596226,0.51,6.11384498244526,4495.13343799058,236954.206,15.1176611661134,197.0,164.0,9544889.25,58.5
KEN,KE,Kenya,Nairobi,SSF,31408632915.3409,775.279032756728,5.3,15572.806,18723.226,3.03639324089945,7.15212218236323,16.8262670118921,1.27,5.66561234115754,147.43227111482,10392.278,0.270242232186892,21.0,15.0,8993815.404,22.2
KGZ,KG,Kyrgyz Republic,Bishkek,ECS,4616164824.64538,860.395286576396,-1.35779774568402,1160.797,3010.539,3.684313626073,28.3092163894904,61.4422201472892,0.79,17.4125874125874,1401.89861402705,6208.231,1.17626916008261,59.0,44.0,1963651.30327826,36.6
KHM,KH,Cambodia,Phnom Penh,EAS,11242266333.9246,795.166470962971,5.96307857522112,3667.95,5182.286,5.06726969926056,0.077996467196137,29.2213899425852,0.98,7.31800766283525,130.777842713603,4602.085,0.332938112274323,20.0,18.0,3223522.14,22.8
KIR,KI,Kiribati,Tarawa,EAS,151175993.979672,1518.65463182521,1.8,11.0,20.0351842159083,29.336,0.303899225127419,144.0,99.0,43800.24,44.0
KNA,KN,St. Kitts and Nevis,Basseterre,LCN,651701399.62963,12436.5749328199,-4.99929676318415,83.0,9.98097824004685,249.356,4.87957418496341,16978.248,32.4
KOR,KR,"Korea, Rep.",Seoul,EAS,1014483158313.58,20756.6886611475,6.16184325360058,44617.304,246515.955,5.35841236477031,15.9320036709186,81.9008453225674,1.35,11.9742141302336,8979.71157199417,509170.284,10.4752460345218,346.0,257.0,40028625.0,81.9
KSV,KV,Kosovo,Pristina,ECS,5552317880.7947,3059.1283089778,4.0,1.6
KWT,KW,Kuwait,Kuwait City,MEA,109462798286.125,41364.6893367253,4.373,130240.219,30173.104,4.59543068506775,0.0,-331.643423228846,0.21,13.9363280209958,17609.9635489135,76742.976,30.1147589166485,507.0,282.0,2692944.288,98.4
LAC,XJ,Latin America & Caribbean (developing only),"",NA,4982058723369.45,8552.0927964969,6.2176033791784,937491.664134127,716475.153397259,8.17436165378179,6.23787731859472,-13.0057845738164,0.98,23.4336676895327,1892.44412262561,1584103.663,2.78135096399118,169.348144927851,118.279488291023,462009528.395,79.3075429072338
LAO,LA,Lao PDR,Vientiane,EAS,7296361373.94051,1176.66281248164,9.44477139772175,0.97,1532.806,0.254534331694731,21.0,2.0,2058696.808,33.2
LBN,LB,Lebanon,Beirut,MEA,39006223284.1659,9226.57085908754,7.00000000000003,173.465,6632.568,7.51698985664902,0.806505112348641,97.384647997578,0.77,28.8248760015261,3130.10038146386,17099.221,4.10356846731935,3686464.584,87.2
LBR,LR,Liberia,Monrovia,SSF,986201593.736894,246.913237436637,5.51470588235294,0.96,608.722,0.166387496378258,3.0,2.0,2456385.03,61.5
LBY,LY,Libya,Tripoli,MEA,62360446570.9729,9957.4904063992,2.09999999999999,87135.557,20405.117,4.71459263595361,0.0,-327.02797048407,0.13,18.7146698863948,4170.1083579887,58330.969,9.48529648986441,291.0,225.0,4950632.248,77.9
LCA,LC,St. Lucia,Castries,LCN,1197809020.0,6883.95988505747,3.09933072225914,128.0,12.2959291232041,396.036,2.32682367474563,48720.0,28.0
LCN,ZJ,Latin America & Caribbean (all income levels),"",NA,5196085366153.86,8822.25180286091,6.17414611215979,1008469.73344254,756879.420791194,8.17436165378179,6.23787731859472,-13.0057845738164,0.98,22.9294381998398,1901.20135252507,1676517.28643691,2.91103523499028,174.70399729567,118.441130166685,466738085.658,79.2741956920132
LDC,XL,Least developed countries: UN classification,"",NA,606616927158.134,726.373454627729,5.42895465764173,403037.856805831,261723.433829236,4.0318118724292,2.46349474712278,-54.7167892718747,1.07,7.25214655905938,165.048451118413,192312.447301164,0.240639147993605,246684508.059571,29.5384237234881
LIC,XM,Low income,"",NA,416485642975.312,523.051430217361,5.90918489909652,250562.388256895,263332.715618111,3.44134184311354,4.08718592337171,4.84385448126058,1.15,5.01283131135509,229.523605436801,219121.585,0.286804777781425,225199097.65885,28.2820577613771
LIE,LI,Liechtenstein,Vaduz,ECS,4826167676.3641,134914.672826907,-1.15748170603524,1.77,5116.544,14.2
LKA,LK,Sri Lanka,Colombo,SAS,49551751282.5049,2375.44930155413,8.01146816897176,5086.847,9281.33,9.47818653214415,3.63501782610897,45.1926932885696,0.66,19.3844432008954,408.483332302812,11763.736,0.574575143577408,61.0,19.0,3149852.299,15.1
LMC,XN,Lower middle income,"",NA,4312929690659.7,1749.61415064942,6.92701732165591,1944110.42854834,1655968.18114342,4.58152504379637,5.25800362938256,-17.3842712784747,0.91,9.93853183664397,657.601599097919,3743902.66448845,1.56550021275414,975897627.72682,39.6181369796017
LMY,XO,Low & middle income,"",NA,20070603392047.8,3512.83564249118,7.57325024235422,7597288.10660066,6407087.30973462,8.35784842335389,6.33314874287569,15.8095620158554,0.98,10.0600477928117,1539.39480026266,16822433.2185276,3.01789944764108,35.1385809978841,2609643704.65031,45.6911535246041
LSO,LS,Lesotho,Maseru,SSF,2132495560.71575,982.120334615081,3.30000000000001,19.0,142.129572022233,1.07,584084.542,26.9
LTU,LT,Lithuania,Vilnius,ECS,36306384146.1075,10933.4975216064,1.3301928052779,4211.014,8387.589,6.01325455607868,34.9290600672017,49.7947026255101,1.42,17.7835894083034,3430.79830966481,15130.042,4.50551633877935,546.0,498.0,2231480.832,67.2
LUX,LU,Luxembourg,Luxembourg,ECS,53333642384.106,105437.670653056,2.67806902010253,103.975,4204.806,8.2886244648525,0.389054810138684,97.5272343123559,1.36,52.2214129643117,14423.9558201064,10502.288,21.4924547221938,747.0,673.0,415793.082,82.2
LVA,LV,Latvia,Riga,ECS,24009680459.9868,10704.6721589158,-0.34350356354193,2096.969,4219.757,6.90061332866382,7.14737839169412,50.3059299386197,1.49,24.3309545049063,2874.7127282984,7590.69,3.34968011035729,474.0,412.0,1529668.712,68.2
MAC,MO,"Macao SAR, China","",EAS,27960168078.4283,51429.8896332024,26.3640783634058,1334.788,2.57450965642678,161.0,144.0,543656.0,100.0
MAF,MF,St. Martin (French part),Marigot,LCN
MAR,MA,Morocco,Rabat,MEA,90804562195.5566,2795.54239896828,3.67789979779386,781.627,15083.386,8.77938282494847,1.70421946371988,94.8179606356292,0.88,23.7363958069039,755.566924288161,47905.688,1.52948485499699,71.0,53.0,18116450.604,56.7
MCO,MC,Monaco,Monaco,ECS,6108770905.81155,172676.340724526,-2.62856508546935,1.69,863.0,732.0,35407.0,100.0
MDA,MD,Moldova,Chisinau,ECS,5808796184.00841,1630.73977488556,6.94645761593735,103.771,2449.37,3.79325221776677,0.193110881573629,95.7633595577638,1.08,9.77777777777778,1018.06061976053,4774.434,1.337336387957,139.0,101.0,1467569.544,41.2
MDG,MG,Madagascar,Antananarivo,SSF,8720543553.67353,421.001243357081,1.56568596663229,1.26,1910.507,0.0977427318402548,27.0,8.0,6255573.338,30.2
MDV,MV,Maldives,Male,SAS,1908460937.5,6041.63204172404,9.8610109929717,299.0,7.01905483460548,0.83,920.417,2.99194167056743,23.0,11.0,127933.425,40.5
MEA,ZQ,Middle East & North Africa (all income levels),"",NA,2468404666429.75,6448.27067047133,3.67716043128021,1921077.68115672,772063.253324114,9.05590940937547,4.76575962543012,82.9739518079416,0.45,18.2938571929302,2445.20132351921,2072551.73,5.63564226975495,235916227.477607,61.6289424105002
MEX,MX,Mexico,Mexico City,LCN,1034804491265.37,9123.40585653083,5.38829406677969,217685.796,169833.374,8.30869527890593,6.26569722391548,-28.1761004171065,0.72,27.8187204119487,1942.84079772697,475833.587,4.30123665474621,264.0,181.0,88243130.566,77.8
MHL,MH,Marshall Islands,Majuro,EAS,162935849.808117,3015.20873844548,5.20221010362303,32.0,99.009,1.87233358547655,38799.284,71.8
MIC,XP,Middle income,"",NA,19631105138902.7,3992.29879056655,7.61372261286522,7350999.73003779,6158229.3706361,8.35784842335389,6.33314874287569,15.8095620158554,0.97,10.2311021619493,1693.38836440396,16603810.2595964,3.45178510257095,36.6870963507844,2384444606.99146,48.5114093810574
MKD,MK,"Macedonia, FYR",Skopje,ECS,9189454662.79445,4459.68148646484,1.8,1607.667,2780.639,6.6958267971916,4.27826121981314,42.1835412651552,1.27,12.7296165001611,3441.80605600337,11815.074,5.75636338478868,144.0,129.0,1399122.277,67.9
MLI,ML,Mali,Bamako,SSF,9251388616.875,601.919556506851,4.4999999999999,1.25,594.054,0.0410826010253119,9.0,7.0,5118146.397,33.3
MLT,MT,Malta,Valletta,MEA,8255629139.07285,19991.3046003687,3.145,1.075,799.603,11.4915628991012,0.134441716701913,99.8655582832981,1.66,21.7338217338217,4423.04435142394,2559.566,6.21329287534895,674.0,558.0,391074.067,94.7
MMR,MM,Myanmar,Naypyidaw,EAS,10.4163201825672,22357.497,15062.16,5.04512086824261,2.38721405163668,-48.4348659156456,0.8,6.90535452166699,103.694485793624,12775.828,0.27038609160595,7.0,5.0,16259461.068,33.9
MNA,XQ,Middle East & North Africa (developing only),"",NA,1068030554692.55,3279.94333903933,3.4840416041995,855999.505333906,454512.951461794,4.67195705439841,0.621252278497317,-88.3274163238846,0.56,19.4833232318961,1496.71015891163,1230256.498,3.84418980507954,88.4182010277082,67.1874343774444,192236817.427607,58.0313211018112
MNE,ME,Montenegro,Podgorica,ECS,4111066225.16556,6510.10502963715,2.49999999999999,869.0,7.14989088734058,1.49,1950.844,3.10058885701344,375736.55,59.5
MNG,MN,Mongolia,Ulaanbaatar,EAS,6200357070.11479,2249.76589998146,6.36516168494865,7689.938,3237.457,2.89743609250558,0.0,-137.530197312273,1.04,13.1345177664975,1410.57559228502,10894.657,4.08425986532577,72.0,48.0,1584700.575,57.5
MNP,MP,Northern Mariana Islands,Saipan,EAS,55617.221,91.3
MOZ,MZ,Mozambique,Maputo,SSF,9586185528.38289,409.82779008651,7.20006860717393,11917.996,9765.785,1.8880308976928,14.9266034425292,-22.0382795648276,0.86,4.3805024694009,453.352209957501,2313.877,0.103608443148897,13.0,9.0,8982053.76,38.4
MRT,MR,Mauritania,Nouakchott,SSF,3636296935.99746,1051.02182599768,5.00666616940619,0.99,1998.515,0.606482838652195,1432346.022,41.4
MUS,MU,Mauritius,Port Louis,SSF,9728729228.52939,7593.36787494469,4.03524609017003,1194.0,11.6399570094003,1.23,3953.026,3.11543014405125,159.0,123.0,545797.164,42.6
MWI,MW,Malawi,Lilongwe,SSF,5106263006.66276,342.682873178954,7.09999999999999,1.54,1228.445,0.087714037009198,9.0,4.0,2950366.518,19.8
MYS,MY,Malaysia,Kuala Lumpur,EAS,237796914597.179,8372.83096577771,7.19392223726412,89693.349,66826.2,5.23899394144432,0.8585045984958,-34.2188378210941,0.56,19.4039698685875,3613.53081166873,208267.265,7.57280213866566,334.0,298.0,20505534.274,72.2
MYT,YT,Mayotte,Mamoudzou,SSF
NAC,XU,North America,"",NA,16169780751917.6,47111.4282136378,3.01501448075068,2137144.43664697,2490856.60875959,5.736850930079,12.5893083087245,14.2004228934224,0.96,22.0549909370463,13157.5782494279,6005493.571,17.7808524129935,788.876223620495,445.870409942479,281905075.68,82.1343896971731
NAM,NA,Namibia,Windhoek,SSF,12170331921.8686,5330.17586554685,4.80000000000001,328.596,1712.509,7.38794040261996,7.17765570867073,80.8120132507333,1.09,33.2762557077626,1576.21634929739,3967.694,1.80315139550504,109.0,52.0,867649.82,38.0
NCL,NC,New Caledonia,Noum'ea,EAS,3149.953,12.7680954986725,166370.0,65.5
NER,NE,Niger,Niamey,SSF,5548814097.96942,357.712152555479,8.80566801619432,1.16,850.744,0.0588749887802822,5.0,4.0,2590496.151,16.7
NGA,NG,Nigeria,Abuja,SSF,193668738106.961,1222.47726413525,7.85000000000002,228721.61,108251.53,2.89771897456491,0.359804614308916,-111.287184578361,0.77,7.84662996149556,120.507685538337,95756.371,0.63555508608361,31.0,31.0,78894744.636,49.8
NIC,NI,Nicaragua,Managua,LCN,6551182459.18646,1131.82411400413,7.56962945521377,1706.578,3085.349,4.55819089177063,9.40985930602989,44.6876836299556,0.99,12.7556818181818,459.526148684029,4330.727,0.768462040355406,57.0,17.0,3316617.399,57.3
NLD,NL,Netherlands,Amsterdam,ECS,779356291390.729,46914.6579923294,1.6895714694454,69741.593,83328.964,7.37708560673914,1.72125624890764,16.3057001404698,1.71,14.618290433102,6895.66391303096,173749.794,10.5651279342739,515.0,449.0,13771524.577,82.9
NOC,XR,High income: nonOECD,"",NA,2302136301691.58,24452.8535240639,7.65897544224205,1234087.90670979,507057.834932739,5.54200393784863,2.57055816213568,-142.923129474222,14.6411320353229,8394.56834336609,1312126.63491361,14.575915454537,58914614.5620236,83.2160675821208
NOR,NO,Norway,Oslo,ECS,412989604299.391,84538.2426041281,0.676520209005773,205085.75,30935.119,7.38034707578731,32.9239593356664,-562.95445638984,2.01,11.7728345129761,23549.6899182103,49992.211,10.4844774099809,575.0,461.0,3790946.24,77.6
NPL,NP,Nepal,Kathmandu,SAS,12897180524.7357,438.191592429414,4.5532973996427,8821.41,9960.146,3.09381525617862,2.6818482379676,11.4329247784119,0.91,3.1431778752934,90.9531265910214,3542.322,0.122548975176159,5.0,3.0,5452604.248,18.2
NZL,NZ,New Zealand,Wellington,EAS,126679321011.804,29352.4540089449,-0.470719451216951,16555.144,18313.355,6.11276621601706,32.1176977129532,9.60070396713218,0.97,25.3203424859758,9346.35525279207,33094.675,7.75250650050364,733.0,616.0,3791250.4,86.8
OEC,XS,High income: OECD,"",NA,40819590411112.0,39521.0756184507,2.94403397352372,3631555.079,5106919.546,6.77891257410743,14.7615973623564,28.8895184995734,1.62,19.1703258898821,9117.35106515631,12012813.308,11.7480525923727,637.868586314361,440.897862932487,797181564.861428,77.1822367378455
OED,OE,OECD members,"",NA,42808504128668.1,34630.6404161429,3.08015253303331,3889083.499,5412807.514,6.8705825180284,14.285289824182,28.1503454733787,1.615,19.3507037686144,7984.23730315805,12845735.688,10.5216758981556,566.359102902156,391.408516138566,951291495.947428,76.9562833311618
OMN,OM,Oman,Muscat,MEA,46866060195.7311,17280.0972352585,1.09999999999999,67198.212,15063.395,4.36193873567577,0.0,-346.102701283476,0.38,11.2570698777595,5723.89119887203,45749.492,17.3493113100184,225.0,174.0,1995005.895,71.7
PAK,PK,Pakistan,Islamabad,SAS,176869569654.043,1018.87276229903,4.14424149288783,64859.416,85519.901,4.69895652458986,3.70696406676149,24.1586867599391,0.92,12.7331329446275,449.322762669338,163177.833,0.974531966715356,11.0,9.0,64229551.71,37.0
PAN,PA,Panama,Panama City,LCN,26688773969.7845,7588.89393536901,4.83106947259033,666.171,3100.187,13.2094316825916,10.8159282004602,78.5119091203208,0.77,17.3163159710245,1735.46268365271,6912.295,2.02915643007004,120.0,130.576721881216,2630581.36,74.8
PER,PE,Peru,Lima,LCN,157053003533.569,5401.37013454602,8.78497281907451,15143.25,15830.61,14.4448435908047,11.1126734851026,4.34196787110541,1.1,29.1026512576479,1135.71409749057,40535.018,1.42411329268549,55.0,35.0,20818782.592,71.6
PHL,PH,Philippines,Manila,EAS,199589447423.747,2140.12159132229,7.63226391525633,23474.374,38842.497,7.94254885801824,25.0310735687255,39.5652292899707,0.84,16.7190201378236,593.45873732281,83156.559,0.922187692722996,33.0,11.0,61925169.872,66.4
PLW,PW,Palau,Koror,EAS,171345538.906861,8369.75082585292,2.0,212.686,10.5144354360293,16930.344,82.7
PNG,PG,Papua New Guinea,Port Moresby,EAS,9480047958.80839,1382.28058795159,8.0,2108.525,0.321948193294273,9.0,6.0,857283.25,12.5
POL,PL,Poland,Warsaw,ECS,469440132669.983,12293.0351603641,3.9440480107431,67791.289,101710.071,6.51427655417628,0.401851061533523,33.3484989898395,1.5,15.2133713386663,3590.8320811579,316066.064,8.29009237560359,495.0,422.0,23370742.656,61.2
PRI,PR,Puerto Rico,San Juan,LCN,642.0,614.0,3930957.576,98.8
PRK,KP,"Korea, Dem. Rep.",Pyongyang,EAS,20263.579,19268.32,5.56303818911042,-5.16526090494657,1.99901283316881,732.687055409567,78371.124,3.24836505379662,15435509.186,63.4
PRT,PT,Portugal,Lisbon,ECS,228872317880.795,21504.8141638868,1.38316851998282,5963.793,23521.079,9.80413343829771,10.2936901831757,74.6449004316511,1.58,25.443933937663,4814.58609570183,56310.452,5.30109797086594,509.0,495.0,6460204.487,60.7
PRY,PY,Paraguay,Asuncion,LCN,18333172802.3815,2840.34959572406,15.0458528894414,7434.946,4752.417,5.48632711830405,99.4541093510944,-56.4455728527189,1.01,25.8715596330275,1055.99401566599,4118.041,0.660976090495361,82.0,39.0,3969547.02,61.5
PSE,PS,West Bank and Gaza,"",MEA,4015865743.74699,1123.4139903611,6.28012629441083,1.54,2053.52,0.521554188406346,39.0,30.0,2993665.542,72.1
PYF,PF,French Polynesia,Papeete,EAS,1.56,891.081,3.36840414151304,139714.224,51.6
QAT,QA,Qatar,Doha,MEA,98313183979.8177,61531.692069746,8.642,139945.095,23824.509,4.90883648770605,0.0,-487.399702550009,0.19,11.9205572601377,14420.7690117132,68477.558,49.0505837857972,724.0,335.0,1684923.694,95.8
ROU,RO,Romania,Bucharest,ECS,161623662680.931,7537.70973922277,0.947891354095404,28296.434,34406.355,6.74725674062856,12.8550612234281,17.7581176500678,1.46,11.8207211782631,2266.71746025598,94659.938,4.40000005577861,219.0,187.0,11707338.552,54.6
RUS,RU,Russian Federation,Moscow,ECS,1479819314058.23,10439.6424272186,4.03427862646649,1181589.237,646914.985,2.98712880380196,9.01774736289344,-82.6498480321955,0.72,6.58209526804969,6135.5727881565,1708653.318,12.0370082282494,245.0,206.0,103194000.0,72.8
RWA,RW,Rwanda,Kigali,SSF,5627667377.43016,529.712418003395,7.50000000000001,1.62,704.064,0.0703776014854721,4.0,2.0,2007936.945,18.9
SAS,8S,South Asia,"",NA,2090410285565.44,1323.48867403567,8.09799255956307,611187.703372513,817080.284249485,5.16863597774928,2.44030249977049,25.1934800830095,0.825,7.35745979293528,534.651911251031,1970176.424,1.28284124712525,15.7102414568343,10.124292254946,475989411.307571,30.1360263665214
SAU,SA,Saudi Arabia,Riyadh,MEA,434666133333.333,15835.9360041838,3.76199318172318,528377.133,157854.656,3.41428414224701,0.0,-234.723818979404,0.067,19.6311881188119,7427.21549264699,433556.744,16.5690650602854,415.0,22946599.896,83.6
SDN,SD,Sudan,Khartoum,SSF,62045783132.5301,1424.6387579495,4.45058796043922,35197.511,15815.311,5.33471951297353,1.75531167234081,-122.553391457177,0.43,14.4288316419464,114.270085468798,14051.944,0.33929476678716,28.0,20.0,19685477.332,45.2
SEN,SN,Senegal,Dakar,SSF,12954023882.2623,1041.84552551434,4.16752916187231,1256.082,2939.114,7.05140784564267,0.708104551235508,57.2632432767154,1.34,24.3091990206366,196.004498274326,4976.119,0.422165697261325,23.0,17.0,5334069.312,42.9
SGP,SG,Singapore,Singapore,EAS,208765019307.673,41122.1894749883,14.4712716272371,28.895,18476.025,12.4745450818871,0.0,99.8436081354079,1.04,12.9190735841926,7948.91330499639,32295.269,6.67340352109766,150.0,114.0,5076700.0,100.0
SLB,SB,Solomon Islands,Honiara,EAS,678625481.686752,1261.03875083946,7.0,64.0,18.0137725191022,198.018,0.388102410524067,100095.528,18.6
SLE,SL,Sierra Leone,Freetown,SSF,1905015045.13541,324.670363357874,4.9485,0.94,1334.788,0.237839864336689,5.0,3.0,2253133.824,38.4
SLV,SV,El Salvador,San Salvador,LCN,21214700000.0,3425.59728389811,1.42621010073935,3164.434,5102.139,7.1578926769386,28.2152642254552,37.9782871458422,0.89,16.4891437935272,845.071840034361,6112.889,0.99726916543712,84.0,41.0,3796304.709,61.3
SMR,SM,San Marino,San Marino,ECS,1899809579.61037,60895.2362206029,1.89873417721518,29736.562,94.3
SOM,SO,Somalia,Mogadishu,SSF,649.059,0.0727460307141912,3489746.128,37.4
SRB,RS,Serbia,Belgrade,ECS,38423239717.48,5268.81725402855,0.95430337641092,9440.487,14449.702,4.80159671164887,6.41638145893943,34.6665626737493,1.48,11.5207085828343,4224.39766544863,49933.539,6.79347450913381,227.0,202.0,3821308.776,52.4
SSA,ZF,Sub-Saharan Africa (developing only),"",NA,1097898685449.88,1286.2489790407,4.83211656943435,810527.475390868,511230.434582859,3.23840490905463,2.50151948326968,-58.5510799466402,1.15,8.47686959498373,511.482924607811,684558.623763832,0.842532043052819,34.376420146767,24.7084736928904,319425306.755,37.4313908055616
SSD,SS,South Sudan,Juba,SSF
SSF,ZG,Sub-Saharan Africa (all income levels),"",NA,1112011535845.88,1301.71483000892,4.7871946121159,811358.354282983,512864.566149504,3.23840490905463,2.50151948326968,-58.5510799466402,1.15,8.47686959498373,511.482924607811,689401.490210823,0.847801380073564,34.376420146767,24.7084736928904,319703365.952,37.4332512503488
STP,ST,Sao Tome and Principe,Sao Tome,SSF,196806609.568997,1189.9043487427,4.5,44.0,5.5557991193687,128.345,0.802898931511648,2.0,2.0,102876.934,62.2
SUR,SR,Suriname,Paramaribo,LCN,3251366120.21858,6254.29897649291,3.06415576125119,714.0,4.67784824648371,1.12,2438.555,4.73445150718549,238.0,171.0,396624.816,75.6
SVK,SK,Slovak Republic,Bratislava,ECS,87268098543.0464,16061.2506189516,4.24355409010208,6135.721,17266.642,6.34112336087737,25.2235205895854,64.4648855289871,1.53,11.1942744755245,4924.71288656274,37557.414,6.94655298886958,319.0,272.0,3086203.008,56.8
SVN,SI,Slovenia,Ljubljana,ECS,46908328071.5232,22850.6665079533,1.37953935200417,3544.587,7093.108,7.23559471171559,26.2693307362584,50.0277311440909,1.62,25.7272139625081,6103.44129366088,17157.893,8.48847631938796,565.0,520.0,985354.08,48.0
SWE,SE,Sweden,Stockholm,ECS,458973278963.643,48935.665041742,5.60992572912606,32546.947,50777.669,6.23851207972469,42.2377265880401,35.9030305231223,1.82,15.6819648330376,14141.7204790227,49049.792,5.32014351541172,521.0,464.0,7944111.252,84.7
SWZ,SZ,Swaziland,Mbabane,SSF,3645267040.02185,3073.43585802176,1.09999999999999,423.0,12.6139205324957,1.1,1092.766,0.949947146244949,89.0,46.0,302444.28,25.5
SXM,SX,Sint Maarten (Dutch part),Philipsburg,LCN
SYC,SC,Seychelles,Victoria,SSF,936609214.451442,10824.7236573411,6.2,205.0,8.3365662135908,682.062,7.84376006256038,173.0,103.0,47848.325,55.3
SYR,SY,Syrian Arab Republic,Damascus,MEA,59147033451.8526,2892.7552090533,3.2,23579.964,22502.233,4.17418959501602,0.713155889906571,-4.78944023022071,0.45,19.7248870615705,1562.82191565929,71598.175,3.64594113224803,62.0,27.0,11225188.1055964,54.9
TCA,TC,Turks and Caicos Islands,Grand Turk,LCN,157.681,4.38489988876529,93.3
TCD,TD,Chad,N'Djamena,SSF,7587673160.67574,675.829036094793,4.3,1.31,495.045,0.0464666847260151,6.0,3098709.408,27.6
TGO,TG,Togo,Lome,SSF,3153400897.31795,523.143094263933,3.3682852883199,2191.131,2626.598,1.98762278450345,0.304500346075037,16.5791263071091,1.17,11.392898946547,110.812542285405,1419.129,0.245658480583752,2.0,2.0,2616064.332,43.4
THA,TH,Thailand,Bangkok,EAS,318522264428.7,4608.10141681329,7.81051239474012,61705.157,103315.944,4.76154734262504,0.596662989402681,40.2752812286166,0.95,16.4553773822517,2044.825059403,285732.64,4.18545607514808,54.0,23501559.56,34.0
TJK,TJ,Tajikistan,Dushanbe,ECS,5640410958.90411,819.989622784879,3.79999999999998,1501.677,2318.45,5.54550688559424,58.6081218055166,35.2292695550907,0.91,4.0513437625351,1985.29054057042,3146.286,0.470197339397222,38.0,29.0,1822838.805,26.5
TKM,TM,Turkmenistan,Ashgabat,ECS,20000701754.386,3966.82300446271,9.2,40904.424,19583.811,1.74976887282488,0.00131741467480461,-108.868559852829,0.2,5.12384394599766,2445.944230865,47839.682,9.7266836586562,106.0,80.0,2495787.525,49.5
TLS,TL,Timor-Leste,Dili,EAS,701000000.0,623.468566422527,7.42177398500129,61.0,11.7791658382375,0.9,190.684,0.176600302477705,315943.755,28.1
TON,TO,Tonga,Nuku'alofa,EAS,348330401.5244,3347.46392900498,-0.479212707001281,58.0,7.14173161137055,176.016,1.71038771742299,26326.674,25.3
TTO,TT,Trinidad and Tobago,Port-of-Spain,LCN,20603922191.3458,15359.2692998668,0.0999999999999943,44004.76,20256.632,1.52691096159006,0.0,-117.236310557451,4.03400309119011,5661.694662098,49772.191,37.3934600012021,351.0,186463.635,13.9
TUN,TN,Tunisia,Tunis,MEA,44290845562.5437,4198.5425830207,3.69999999999999,7811.455,9200.022,9.47197586020311,0.164521345709825,15.0930834730613,0.82,16.9862715188494,1311.25713628875,25012.607,2.4216138214137,114.0,76.0,7099544.3,67.3
TUR,TR,Turkey,Ankara,ECS,734364471759.678,10094.0344072808,9.00558549386332,30286.836,104799.515,8.70992133742435,6.51595477326398,71.1002135840037,2.03,13.6007390712879,2297.79685531646,283979.814,4.00401690661222,138.0,92.0,50635618.2,69.6
TUV,TV,Tuvalu,Funafuti,EAS,31350804.1281109,3190.27212049566,-1.86781500392733,50.4
TZA,TZ,Tanzania,Dodoma,SSF,23056525009.402,527.037846708932,6.98499223724218,18045.672,19616.007,2.67997076760727,1.22055421370924,8.00537540591213,1.19,5.74457983858205,85.6754152087027,6464.921,0.152951924221415,73.0,4.0,11838083.664,26.4
UGA,UG,Uganda,Kampala,SSF,17010765766.6991,508.928260193195,5.18151105127076,1.11,3747.674,0.119583494153301,7.0,3.0,4445482.839,13.3
UKR,UA,Ukraine,Kiev,ECS,137929309475.806,3006.91529616523,4.2,76913.64,115472.097,2.29840424214145,19.6625042671564,33.392012444357,0.92,6.02307867462888,3200.46554752862,323532.076,6.99404810390374,152.0,138.0,31237946.7,68.1
UMC,XT,Upper middle income,"",NA,15315491035453.2,6245.6922447059,7.81540587706175,5410703.43366732,4505906.70824781,8.35784842335389,6.33314874287569,15.8095620158554,1.02,10.3362374078044,2714.09532528182,12859967.139812,5.31688332320815,74.9129410900772,55.8189060193181,1408546979.26464,57.4456493791576
URY,UY,Uruguay,Montevideo,LCN,40264991931.4572,11995.8243057398,8.46767527179783,1518.894,4093.296,9.75452287307536,11.1184727417709,62.8931306213868,1.44,20.6888304233437,2670.90152343631,8327.757,2.49778857678285,176.0,151.0,3104840.2,92.5
USA,US,United States,Washington D.C.,NAC,14586736313339.0,47198.5044470455,3.0,1740906.878,2234994.871,5.85440117101727,11.5987370424708,22.1068960564966,0.84,22.7001360060463,12903.8067535919,5461013.744,17.9417289330595,809.0,451.0,254348821.568,82.3
UZB,UZ,Uzbekistan,Tashkent,ECS,38981605338.3389,1384.27219813292,8.5,60693.646,48808.956,1.48511488490228,1.64391961180239,-24.3494042363865,0.83,3.38607156293935,1635.92885105034,124905.354,4.57299282045274,10391173.346722,36.9
VCT,VC,St. Vincent and the Grenadines,Kingstown,LCN,704776456.296296,6446.14577754471,-1.28790299846274,70.0,15.6012608108505,201.685,1.84730440198575,204.0,85.0,52261.174,47.8
VEN,VE,"Venezuela, RB",Caracas,LCN,391847491771.675,13589.7722054406,-1.48879125078348,203530.996,66898.471,4.80098080696494,11.5520308378946,-204.238636485429,0.011,24.1212537248233,3151.56426155581,169532.744,6.06882921066762,147.0,107.0,27103960.0,94.0
VIR,VI,Virgin Islands (U.S.),Charlotte Amalie,LCN,104615.575,95.3
VNM,VN,Vietnam,Hanoi,EAS,106426845156.813,1224.19109022706,6.78342444750739,76642.218,64047.858,3.65425241822926,4.02568654208545,-19.663983142106,0.77,13.10443490701,917.57474024872,127384.246,1.49648501039093,13.0,13.0,25037701.7524912,28.8
VUT,VU,Vanuatu,Port-Vila,EAS,698753388.292431,2915.71238297537,3.04814523548207,35.0,24.1465241391807,91.675,0.402011041874049,61350.656,25.6
WLD,1W,World,"",NA,63123887517709.3,9227.95452066298,4.21297114883284,12241276.6798834,11787115.2542341,6.8705825180284,14.285289824182,28.1503454733787,1.07,14.2258067321932,2825.79564702185,32082583.0,4.7979150144039,118.243378816402,3465739884.07376,50.8535455488627
WSM,WS,Samoa,Apia,EAS,573509396.0,3132.54458955326,1.71105166379294,58.0,12.9294009418092,1.06,161.348,0.887458816670242,59.0,45.0,42840.954,23.4
YEM,YE,"Yemen, Rep.",Sana'a,MEA,26365156990.2439,1130.18326178952,3.75599999999999,15221.547,7560.206,6.99447298937303,0.0,-101.337728098943,0.23,27.4404921101899,218.833726405288,23384.459,1.03349439011924,35.0,7648699.452,31.8
ZAF,ZA,South Africa,Pretoria,SSF,363703902726.737,7275.34396438455,2.84113685841747,160637.036,144041.411,3.19802369617005,2.44815360771494,-11.5214262931651,1.14,10.643249633799,4532.02190179876,435877.955,8.93320268213762,159.0,108.0,30844632.1,61.7
ZMB,ZM,Zambia,Lusaka,SSF,16192857209.2883,1252.69571845424,7.61017402535693,7241.325,7856.475,2.1423057027278,11.2485052138523,7.82984735520702,1.52,1.67233174711081,635.033110532071,1888.505,0.152549611409469,18.0,11.0,4614728.013,35.7
ZWE,ZW,Zimbabwe,Harare,SSF,7474000000.0,594.521524717825,9.00000000000001,8530.375,9513.527,3.79850711518452,10.3342535318395,1.15,3.57668840732169,1026.21518436119,9075.825,0.728891591989844,106.0,91.0,4814866.882,38.3
