id,iso2_code,name,capital,region_id,gdp,gdp_per_capita,gdp_growth_perc,energy_production,energy_use,gdp_per_energy_use,alternative_energy_perc,energy_imports_perc,diesel_fuel_price,road_sector_energy_use_perc,electric_power_consumption_per_capita,co2_emisssions,co2_emissions_per_capita,motor_vehicles_per_1000_people,passenger_cars_per_1000_people,urban_population,urban_population_perc
ABW,AW,Aruba,Oranjestad,LCN,ND,ND,ND,ND,ND,ND,ND,ND,ND,ND,ND,2288.208,21.6838314728124,ND,ND,50411.872,46.9
AFG,AF,Afghanistan,Kabul,SAS,17243112603.5529,501.470944938536,8.19999999999996,ND,ND,ND,ND,ND,1,ND,ND,814.074,0.025034830063358,27,19,8527496.89457131,24.8
AGO,AO,Angola,Luanda,SSF,84390572976.7371,4422.54282362989,2.3,ND,ND,ND,ND,ND,0.43,10.5997083485235,202.154500255051,24370.882,1.35108829355686,ND,ND,11162918.52,58.5
ALB,AL,Albania,Tirane,ECS,11786099137.931,3678.23174785101,3.4999999999995,ND,ND,ND,ND,ND,1.4,32.0402298850575,1747.09801006852,4176.713,1.31285501306502,114,84,1538056.32,48
AND,AD,Andorra,Andorra la Vella,ECS,ND,ND,ND,ND,ND,ND,ND,ND,1.32,ND,ND,539.049,6.52783462707534,ND,ND,74680.32,88
ARB,1A,Arab World,"",NA,1941222686112.63,5424.42227614783,3.51343595479821,ND,ND,ND,ND,ND,0.44,18.1670211056253,2096.32776685686,1510748.995,4.41639372366802,ND,ND,201936491.342607,56.4277766709767
ARE,AE,United Arab Emirates,Abu Dhabi,MEA,297648476848.078,39624.7018777503,1.43212977281455,ND,ND,ND,ND,ND,0.71,14.4578107086021,11463.6288761121,155066.429,24.9840257737581,ND,ND,5859118.2,78
ARG,AR,Argentina,Buenos Aires,LCN,368736062143.67,9124.33513297189,9.16091692451609,ND,ND,ND,ND,ND,1.05,18.0895506751005,2758.76649642421,192378.154,4.84405273889016,ND,ND,37341035.424,92.4
ARM,AM,Armenia,Yerevan,ECS,9371187175.50714,3030.71441270033,2.09636589169197,ND,ND,ND,ND,ND,0.99,10.2435769102436,1550.41574026922,5548.171,1.80188835196927,ND,ND,1969649.864,63.7
ASM,AS,American Samoa,Pago Pago,EAS,ND,ND,ND,ND,ND,ND,ND,ND,ND,ND,ND,ND,ND,ND,ND,63630.6,93
ATG,AG,Antigua and Barbuda,Saint John's,LCN,1211324625.82222,13654.8824915142,-5.19779953603425,ND,ND,ND,ND,ND,0.96,ND,ND,447.374,5.14927314372533,ND,ND,26879.13,30.3
AUS,AU,Australia,Canberra,EAS,ND,ND,2.25693711406814,324019.303,125837.303,ND,1.31619000130669,-157.490660778068,1.23,17.9659219293998,11113.3078531503,399218.956,18.5696190897039,687,551,19894960.8,89.1
AUT,AT,Austria,Vienna,ECS,379069258278.146,45209.3961448017,2.31467219526742,11173.349,33065.694,8.97704100422369,10.1498913042624,66.2086360564517,1.55,21.9936232930277,7944.38915636366,67725.823,8.12359651507042,562,514,5668087.62,67.6
AZE,AZ,Azerbaijan,Baku,ECS,51774221668.7422,5722.21604547229,5,ND,ND,ND,ND,ND,0.56,12.2316151716915,1620.51603024427,47139.285,5.37910913572358,ND,ND,4723020.504,52.2
BDI,BI,Burundi,Bujumbura,SSF,1610544922.06225,192.123813999542,3.89999999999998,ND,ND,ND,ND,ND,1.42,ND,ND,179.683,0.022620457147677,ND,ND,922113.39,11
BEL,BE,Belgium,Brussels,ECS,469374172185.43,43144.3434355018,2.26554973008035,15354.166,56798.886,6.29371505457692,22.3795163869939,72.9674874257217,1.62,15.1238413874332,7903.02925218402,104879.867,9.79272935608708,543,479,10596300.866,97.4
BEN,BJ,Benin,Porto-Novo,SSF,6633055845.51675,749.506982177494,2.99999999999963,ND,ND,ND,ND,ND,1.21,22.6622296173045,91.2602765174753,4066.703,0.486681753666237,ND,ND,3716954.64,42
BFA,BF,Burkina Faso,Ouagadougou,SSF,8820312673.51401,535.579928919405,9.24218384852766,ND,ND,ND,ND,ND,1.28,ND,ND,1855.502,0.119592081549659,11,7,3359617.656,20.4
BGD,BD,Bangladesh,Dhaka,SAS,100357022443.833,674.931630671381,6.06933986445493,ND,ND,ND,ND,ND,0.63,6.44145433724592,251.628671113669,46526.896,0.319820179366957,2,1,41782488.811,28.1
BGR,BG,Bulgaria,Sofia,ECS,47714490182.803,6325.39234128226,0.200000000000003,ND,ND,ND,ND,ND,1.58,12.9126851711411,4400.84686737777,50538.594,6.62940776386374,353,310,5408564.025,71.7
BHR,BH,Bahrain,Manama,MEA,ND,ND,ND,ND,ND,ND,ND,ND,0.13,11.1315846520702,9214.43460803811,22478.71,21.3603057511743,509,429,1117985.81,88.6
BHS,BS,"Bahamas, The",Nassau,LCN,7538000000,21984.5600608965,0.899999999999991,ND,ND,ND,ND,ND,ND,ND,ND,2156.196,6.4622356223832,ND,ND,288359.557,84.1
BIH,BA,Bosnia and Herzegovina,Sarajevo,ECS,16577887610.0203,4408.83795031003,0.799999999999997,ND,ND,ND,ND,ND,1.42,15.2253756260434,2867.01402426903,31275.843,8.28682669857483,135,119,1827432.414,48.6
BLR,BY,Belarus,Minsk,ECS,54713128376.2687,5765.04171289907,7.61036904193497,ND,ND,ND,ND,ND,0.86,5.53561911529579,3298.62206794993,62815.71,6.54194022078734,ND,ND,7051441.5,74.3
BLZ,BZ,Belize,Belmopan,LCN,1401000000,4064.40382941688,2.89788021534321,ND,ND,ND,ND,ND,0.98,ND,ND,425.372,1.32062092517852,ND,ND,181656.9,52.7
BMU,BM,Bermuda,Hamilton,NAC,ND,ND,ND,ND,ND,ND,ND,ND,ND,ND,ND,388.702,6.05454828660436,ND,ND,64600,100
BOL,BO,Bolivia,La Paz,LCN,19649724655.5819,1978.85432654434,4.12672335557637,ND,ND,ND,ND,ND,0.54,25.3249034070952,558.349919951428,12834.5,1.33436038553341,ND,ND,6603349.585,66.5
BRA,BR,Brazil,Brasilia,LCN,2087889553821.68,10710.0659674509,7.48964289382683,ND,ND,ND,ND,ND,1.14,23.0372432884826,2206.19652784595,393219.744,2.052903303498,ND,ND,168628696.55,86.5
BRB,BB,Barbados,Bridgetown,LCN,4109500000,15034.8844441355,ND,ND,ND,ND,ND,ND,1.14,ND,ND,1353.123,4.97142699684033,ND,ND,111519.048,40.8
BRN,BN,Brunei Darussalam,Bandar Seri Begawan,EAS,ND,ND,ND,ND,ND,ND,ND,ND,0.24,10.4712041884817,8661.76496859664,10593.963,27.538603309115,ND,ND,301982.44,75.7
BTN,BT,Bhutan,Thimphu,SAS,1516078205.35534,2088.43458874747,7.44343554082624,ND,ND,ND,ND,ND,0.82,ND,ND,733.4,1.04567820087458,47,38,267145.92,36.8
BWA,BW,Botswana,Gaborone,SSF,14857275329.7005,7402.9309869979,7.19406940219342,ND,ND,ND,ND,ND,0.97,30.8927727916863,1503.34884960254,4840.44,2.47615383907077,ND,ND,1226243.395,61.1
CAF,CF,Central African Republic,Bangui,SSF,2013014939.11488,457.394140425748,3.3,ND,ND,ND,ND,ND,1.69,ND,ND,260.357,0.0614344964477021,ND,ND,1712008.839,38.9
CAN,CA,Canada,Ottawa,NAC,1577040082217.76,46235.6430460359,3.21494840783281,395774.822,255322.415,4.7078610328079,21.2603907103103,-55.0098223847679,1.08,16.5321567936545,15466.7026280457,544091.125,16.3334811806168,605,399,27491654.112,80.6
CHE,CH,Switzerland,Bern,ECS,527919933356.441,67463.7111405283,2.71404472542336,12706.823,26305.711,11.1809725484905,39.4609900488909,51.6955728738904,1.77,21.6059323620838,8021.09446861637,40392.005,5.28160584752882,567,522,5759378.848,73.6
CHI,JG,Channel Islands,"",ECS,ND,ND,ND,ND,ND,ND,ND,ND,ND,ND,ND,ND,ND,ND,ND,48152.528,31.4
CHL,CL,Chile,Santiago,LCN,212740792703.085,12431.0313886221,5.19813625863219,9555.788,31255.079,7.44442163998487,6.086709939207,69.4264474583475,1.02,18.4315970234688,3283.01860308402,73108.979,4.35286679071111,172,109,15231182.32,89
CHN,CN,China,Beijing,EAS,5926612009749.61,4428.46459914328,10.4,ND,ND,ND,ND,ND,1.04,5.34069920672908,2631.40275503613,7031916.207,5.30848878160729,37,27,600896480.665643,44.9
CIV,CI,Cote d'Ivoire,Yamoussoukro,SSF,22780280529.8853,1154.14486568337,3.01000000000001,ND,ND,ND,ND,ND,1.3,4.2031523642732,203.462258913761,7014.971,0.369461653434899,ND,ND,9888637.8,50.1
CMR,CM,Cameroon,Yaounde,SSF,22393529277.5558,1142.59177025574,2.60000000000001,ND,ND,ND,ND,ND,1.1,9.77189524077725,271.238195845138,5302.482,0.282666706754566,ND,ND,11445751.176,58.4
COD,CD,"Congo, Dem. Rep.",Kinshasa,SSF,13145120704.878,199.271769632701,7.24463630127141,ND,ND,ND,ND,ND,1.27,0.993258426966292,103.855965793197,2816.256,0.0450781986833401,ND,ND,23219959.84,35.2
COG,CG,"Congo, Rep.",Brazzaville,SSF,11897620542.0545,2942.84387071123,8.7513513246675,ND,ND,ND,ND,ND,0.84,25.8771929824561,146.392676408249,1936.176,0.504693667582557,ND,ND,2510640.279,62.1
COL,CO,Colombia,Bogota,LCN,288188988824.431,6225.07784019458,4.30716159155202,ND,ND,ND,ND,ND,0.95,25.0633734156646,1047.04853747458,67700.154,1.50425458666622,58,41,34767425.591,75.1
COM,KM,Comoros,Moroni,SSF,541097513.043197,736.437581549095,2.09999999999999,ND,ND,ND,ND,ND,ND,ND,ND,124.678,0.178869323447637,ND,ND,207199.5,28.2
CPV,CV,Cape Verde,Praia,SSF,1648089239.77701,3322.7672631941,5.4099212281766,ND,ND,ND,ND,ND,1.33,ND,ND,308.028,0.632019549788559,ND,ND,303055.389,61.1
CRI,CR,Costa Rica,San Jose,LCN,35831464225.5707,7690.99233906525,4.22735032644033,ND,ND,ND,ND,ND,0.97,29.5282826220135,1812.54206792295,8016.062,1.77263206404778,163,126,2995664.341,64.3
CUB,CU,Cuba,Havana,LCN,ND,ND,ND,ND,ND,ND,ND,ND,1.24,2.6542800265428,1347.55405221588,31418.856,2.78859686843903,38,21,8522290.103,75.7
CUW,CW,Curacao,Willemstad,LCN,ND,ND,ND,ND,ND,ND,ND,ND,ND,ND,ND,ND,ND,ND,ND,ND,ND
CYM,KY,Cayman Islands,George Town,LCN,ND,ND,ND,ND,ND,ND,ND,ND,ND,ND,ND,557.384,10.0801880821051,ND,ND,56230,100
CYP,CY,Cyprus,Nicosia,ECS,23132450331.1258,28779.1855483898,1.04448742746615,ND,ND,ND,ND,ND,1.47,26.2954369682908,4620.01351707012,8555.111,7.94345687701311,659,514,775863.841,70.3
CZE,CZ,Czech Republic,Prague,ECS,192032097601.843,18245.1739226784,2.34649451572815,31437.491,42333.669,5.60982299669693,18.0769661141348,25.7387990632232,1.69,12.9234629861982,6114.03754184395,116995.635,11.2233177249851,513,424,7735941.15,73.5
DEU,DE,Germany,Berlin,ECS,3280529801324.5,40152.2189327614,3.69036027263876,129196.907,331500.813,8.24290763210181,13.0952915641869,61.0266696389671,1.68,14.9172045191539,6778.66131414345,786659.508,9.58054534998296,554,502,60296318.802,73.8
DJI,DJ,Djibouti,Djibouti,MEA,ND,ND,ND,ND,ND,ND,ND,ND,1.07,ND,ND,524.381,0.612855232832653,ND,ND,782958.796,88.1
DMA,DM,Dominica,Roseau,LCN,466389674.074074,6883.26924264761,0.0580369608679518,ND,ND,ND,ND,ND,ND,ND,ND,128.345,1.88302351853754,ND,ND,50546.722,74.6
DNK,DK,Denmark,Copenhagen,ECS,309865711250.294,55890.6822592822,1.29561288042059,23206.644,19682.868,9.15420823507187,3.56072092745834,-17.9027568543365,1.79,22.5092056812204,6246.49766118454,46024.517,8.37781073721686,477,377,4834489.208,87.2
DOM,DO,Dominican Republic,Santo Domingo,LCN,51766377245.509,5214.53697931657,7.75122086640137,ND,ND,ND,ND,ND,1.03,17.5814751286449,1358.19138637595,21616.965,2.23663541697276,ND,ND,6998760.6,70.5
DZA,DZ,Algeria,Algiers,MEA,159425577393.596,4494.88672767442,3.00637524812753,ND,ND,ND,ND,ND,0.19,16.0700315627613,970.982457080035,111304.451,3.23296039494333,112,72,23586358.32,66.5
EAP,4E,East Asia & Pacific (developing only),"",NA,7630541777027.85,3890.04320831541,9.68962443083825,ND,ND,ND,ND,ND,0.925,7.01755715127758,2094.88311807309,8259297.79712798,4.26968999311718,46.9876195846267,33.2904970770683,901290814.565135,45.9477231678536
EAS,Z4,East Asia & Pacific (all income levels),"",NA,16184757259374,7351.46228636857,6.5595070427801,ND,ND,7.03722815133969,14.8768612458656,45.7687686723302,0.98,8.89333886903073,2798.00227134216,10757083.9694856,4.9504559955591,104.193846057552,68.7352632254504,1063662060.33413,48.8269619787576
ECA,7E,Europe & Central Asia (developing only),"",NA,3059039883052.93,7551.44021785956,5.68144592082702,ND,ND,8.70992133742435,6.51595477326398,71.1002135840037,1.13,7.60090369237668,3861.4339032499,3110254.40771698,7.73792616468002,ND,ND,258691826.2,64.1471788701456
ECS,Z7,Europe & Central Asia (all income levels),"",NA,20053411922108.2,22526.8432298524,2.44530553568458,ND,ND,8.18802352926593,17.3319624477377,42.6009836378084,1.515,13.4213575288034,5308.37662354635,6941692.27333535,7.85751437107422,449.337210571478,384.471186069778,621825657.664452,69.9950087027488
ECU,EC,Ecuador,Quito,LCN,57978116000,4008.23796405867,3.58160248645751,ND,ND,ND,ND,ND,0.28,37.6280688188672,1115.44552680961,26824.105,1.90827353995308,ND,ND,9676910.391,66.9
EGY,EG,"Egypt, Arab Rep.",Cairo,MEA,218894280919.77,2698.36507372516,5.14661879114303,ND,ND,ND,ND,ND,0.32,16.7119219346627,1548.59357764443,210320.785,2.68529020573163,43,31,34719820.956,42.8
EMU,XC,Euro area,"",NA,12145354916724.7,36618.1892213858,1.94967822104475,473264.790763743,1205761.81827371,8.1802724485904,19.1708731868157,60.6673541648599,1.62,17.6673385345595,6592.2762009794,2633269.033,7.99114161232381,592.383728722029,ND,244040910.559428,73.5782223071859
ERI,ER,Eritrea,Asmara,SSF,2117008130.0813,402.957496823424,2.20324979344532,ND,ND,ND,ND,ND,1.07,5.2863436123348,51.0004123187181,414.371,0.0837532574394328,ND,ND,1134794.016,21.6
ESP,ES,Spain,Madrid,ECS,1407405298013.25,30541.6064566988,-0.143749869533949,33900.892,128135.941,9.68643802134665,18.9267350055985,73.5430264643704,1.47,23.0890606874986,6006.34817960228,329285.599,7.22819500850343,606,486,35667138.276,77.4
EST,EE,Estonia,Tallinn,ECS,19216566443.6351,14344.5107465966,3.10461109889305,4897.452,5472.786,4.05503167243762,0.477709159466495,10.5126346983054,1.57,13.4679510929974,5950.28915793895,18290.996,13.6431245454715,477,412,931053.97,69.5
ETH,ET,Ethiopia,Addis ababa,SSF,29717009195.6346,358.254052251291,10.1369447540748,ND,ND,ND,ND,ND,0.78,4.00580368407772,45.7581341303567,7106.646,0.0894520620243437,ND,ND,14599119.216,17.6
EUU,EU,European Union,"",NA,16222783027519.7,32310.6580440546,2.11043580236228,834294.529165127,1716832.87275803,8.14246933149226,17.1529609519966,52.1096186366418,1.61,17.3656504821983,6065.85374925907,3906818.133,7.8296118373113,548.652421131305,470.664159296721,371698294.756428,74.0305561447762
FIN,FI,Finland,Helsinki,ECS,238745695364.238,44512.0119091566,3.73152474648901,17152.648,35611.07,4.77891006629451,19.8582547505593,51.8333821477423,1.6,11.1473549851085,15241.6119437986,56512.137,10.6357789053674,534,461,3427355.736,63.9
FJI,FJ,Fiji,Suva,EAS,3189296039.24229,3705.79921666315,0.31857252785457,ND,ND,ND,ND,ND,ND,ND,ND,1254.114,1.48653175305903,175,115,459572.682,53.4
FRA,FR,France,Paris,ECS,2560002000000,39459.5473963502,1.47996036483696,135794.587,264230.239,7.27947230070886,44.723090910121,48.6074767543922,1.72,15.5751515037806,7488.43452219072,376985.935,5.87313280962041,598,495,50474009.1414281,77.8
FRO,FO,Faeroe Islands,Torshavn,ECS,ND,ND,ND,ND,ND,ND,ND,ND,ND,ND,ND,707.731,14.5632652221331,ND,ND,20700.9,42.5
FSM,FM,"Micronesia, Fed. Sts.",Palikir,EAS,297451432.835357,2678.19845166171,3.12503558496032,ND,ND,ND,ND,ND,ND,ND,ND,62.339,0.564833691230168,ND,ND,25211.528,22.7
GAB,GA,Gabon,Libreville,SSF,13011421194.3918,8642.80370516698,5.66305629840345,ND,ND,ND,ND,ND,ND,9.98552821997106,922.495489044435,2471.558,1.70415842130303,ND,ND,1294698.18,86
GBR,GB,United Kingdom,London,ECS,2248831038714.16,36143.937978999,2.09216555580917,149654.057,204233.932,9.81557264955038,8.53619466132592,26.7241953702385,1.98,18.8894219237227,5692.47674452283,522855.528,8.51646101222961,526,462,56059103.661,90.1
GEO,GE,Georgia,Tbilisi,ECS,11667377223.7153,2620.23383572477,6.36768048479624,ND,ND,ND,ND,ND,1.13,19.4779116465863,1585.1999637254,5203.473,1.18700481328558,ND,ND,2355531.2,52.9
GHA,GH,Ghana,Accra,SSF,31305891329.2222,1283.45844954771,6.62008416711288,ND,ND,ND,ND,ND,0.83,11.9780103605032,265.106339290279,8591.781,0.369313789579309,ND,ND,12561788.845,51.5
GIB,GI,Gibraltar,"",ECS,ND,ND,ND,ND,ND,ND,ND,ND,ND,62.2641509433962,5947.29466452473,421.705,14.3990507733807,ND,ND,ND,100
GIN,GN,Guinea,Conakry,SSF,4510589866.06099,451.890917785743,1.93265319866175,ND,ND,ND,ND,ND,0.95,ND,ND,1393.46,0.145772985141922,ND,ND,3533482.86,35.4
GMB,GM,"Gambia, The",Banjul,SSF,806523947.750363,466.631999272367,5.01262871575676,ND,ND,ND,ND,ND,ND,ND,ND,410.704,0.251025146888315,ND,ND,1004196.914,58.1
GNB,GW,Guinea-Bissau,Bissau,SSF,878517652.020351,579.793912992634,3.47252358540635,ND,ND,ND,ND,ND,ND,ND,ND,282.359,0.194227095725076,33,27,454567.2,30
GNQ,GQ,Equatorial Guinea,Malabo,SSF,14006505450.4853,19997.8375965844,0.945260029787235,ND,ND,ND,ND,ND,ND,ND,ND,4814.771,7.26947716158333,ND,ND,278059.197,39.7
GRC,GR,Greece,Athens,ECS,301083245491.391,26599.6968553708,-3.51671819461889,9187.557,27015.522,10.1392105015638,3.65464343054337,65.9915621841399,1.78,21.4471218646241,5540.22242784567,97813.558,8.70452431918786,ND,ND,6949895.472,61.4
GRD,GD,Grenada,Saint George's,LCN,773270880.047247,7400.64199419303,-0.828944251412864,ND,ND,ND,ND,ND,1.02,ND,ND,245.689,2.36870318058675,ND,ND,32390.97,31
GRL,GL,Greenland,Nuuk,ECS,ND,ND,ND,ND,ND,ND,ND,ND,ND,ND,ND,575.719,10.2208315580173,ND,ND,47488.56,84
GTM,GT,Guatemala,Guatemala City,LCN,41186395243.349,2862.36697973483,2.7830282556486,ND,ND,ND,ND,ND,0.85,22.6585728444004,548.112201674507,11914.083,0.87022255600567,ND,ND,7122519.855,49.5
GUM,GU,Guam,Agana,EAS,ND,ND,ND,ND,ND,ND,ND,ND,ND,ND,ND,ND,ND,ND,ND,167663.072,93.2
GUY,GY,Guyana,Georgetown,LCN,2225615170.87284,2949.8155329113,3.60000000000001,ND,ND,ND,ND,ND,0.85,ND,ND,1525.472,2.02969219428988,95,59,215030.505,28.5
HIC,XD,High income,"",NA,43060749784482.4,38208.2223392528,3.13979955517918,4806074.06581282,5607313.53395425,6.77891257410743,14.7615973623564,28.8895184995734,1.55,18.7934955935442,9062.38304959811,13284694.5075709,11.9406893351837,622.543371981895,432.024776511038,856096179.423452,77.5692949332092
HKG,HK,"Hong Kong SAR, China","",EAS,224457859239.047,31757.8113753992,6.97007129287528,ND,ND,ND,ND,ND,1.32,10.0579997170746,5924.58272056199,38573.173,5.52806411854909,73,55,7067800,100
HND,HN,Honduras,Tegucigalpa,LCN,15400319554.1743,2026.2181336674,2.77325500518988,ND,ND,ND,ND,ND,0.92,21.3235294117647,678.262043782197,8672.455,1.18756146663815,ND,ND,3709055.712,48.8
HPC,XE,Heavily indebted poor countries (HIPC),"",NA,428050114326.512,673.478161423329,5.23397493072974,ND,ND,ND,ND,ND,1.105,8.20091753329459,ND,123940.933,0.205193470787912,ND,ND,208834360.02885,32.8572230509824
HRV,HR,Croatia,Zagreb,ECS,60851860676.6097,13754.4393837741,-1.19127428472777,ND,ND,ND,ND,ND,1.49,21.1019283746557,3711.8334786608,23303.785,5.25570252593595,388,346,2557165.32602358,57.8
HTI,HT,Haiti,Port-au-Prince,LCN,6709734806.79642,671.426895262013,-5.0517302889761,ND,ND,ND,ND,ND,ND,8.76307248467364,35.6844485044516,2434.888,0.250082680007214,ND,ND,4956650.512,49.6
HUN,HU,Hungary,Budapest,ECS,128631634125.228,12851.9783357772,1.25815287552346,10977.234,25441.442,6.66563396118522,16.8392302606118,56.8529409614439,1.61,16.4865069166226,3773.15380662799,54638.3,5.44304410317878,ND,304,6835944.149,68.3
IDN,ID,Indonesia,Jakarta,EAS,706558240891.857,2945.57669106807,6.10486082899546,ND,ND,ND,ND,ND,0.51,11.84272117335,590.15352032318,406028.575,1.72814037338161,77,43,128810693.169,53.7
IMN,IM,Isle of Man,Douglas,ECS,ND,ND,ND,ND,ND,ND,ND,ND,ND,ND,ND,ND,ND,ND,ND,41931.714,50.6
IND,IN,India,New Delhi,SAS,1727111096363.26,1474.98082423088,8.80640365279095,ND,ND,ND,ND,ND,0.82,6.57500406619934,596.82207625705,1742697.746,1.52872925967118,ND,ND,352452338,30.1
INX,XY,Not classified,"",NA,ND,ND,ND,ND,ND,ND,ND,ND,ND,ND,ND,ND,ND,ND,ND,ND,ND
IRL,IE,Ireland,Dublin,ECS,211389968514.157,47170.2042683155,-0.429352386923441,1945.323,14937.881,10.6236119901185,1.97347937100316,86.9772493166869,1.69,29.437287230492,6033.94258099791,43604.297,9.85255767301906,534,451,2774005.17,61.9
IRN,IR,"Iran, Islamic Rep.",Tehran,MEA,ND,ND,ND,ND,ND,ND,ND,ND,0.016,18.5743344568009,2237.50863241208,538403.608,7.44790273292347,128,113,51411672.85,69.5
IRQ,IQ,Iraq,Baghdad,MEA,82150312820.5128,2564.72685874135,0.844300000000004,ND,ND,ND,ND,ND,0.56,29.7923040715462,1068.58104486857,102936.357,3.41094043685958,ND,ND,21268466.6700103,66.4
ISL,IS,Iceland,Reykjavik,ECS,12574305880.4794,39616.8403092628,-3.99988322026657,4567.625,5356.417,1.94613243258348,85.2475824791087,14.7261126234197,1.71,5.34728829686013,51259.1876269627,2229.536,7.02406321082246,767,661,292958.354,92.3
ISR,IL,Israel,"",MEA,217332709280.556,28504.1456968964,4.65656568523653,3730.068,21908.008,9.05590940937547,4.76575962543012,82.9739518079416,1.87,15.9752828388387,6607.61996366357,37663.757,5.15320668235552,313,260,6991758.2,91.7
ITA,IT,Italy,Rome,ECS,2051412153369.54,33916.8771832833,1.5374494012917,28825.356,170171.244,9.50885881314753,5.95940169538868,83.0609712179104,1.69,21.284766406108,5270.53962591941,445118.795,7.43945486257487,673,596,41370728.364,68.4
JAM,JM,Jamaica,Kingston,LCN,14252029781.7476,5274.03685073739,-0.599999999999994,ND,ND,ND,ND,ND,0.98,12.4686573968543,1901.61745066034,12203.776,4.54144685918428,ND,ND,1451135.1,53.7
JOR,JO,Jordan,Amman,MEA,27573536000,4559.87034893335,3.10695446202057,ND,ND,ND,ND,ND,0.73,21.7108058348676,2111.91885038039,21382.277,3.69488111283912,146,102,4746895,78.5
JPN,JP,Japan,Tokyo,EAS,5458836663870.85,42831.0475042765,4,95059.794,494896.066,7.87347419435274,17.1629103230738,80.7919681462976,1.37,13.9327764310117,7819.18286901394,1208162.823,9.46064684406225,593,319,85136906.612,66.8
KAZ,KZ,Kazakhstan,Astana,ECS,149058911550.682,9135.72289559554,7.30000000000004,ND,ND,ND,ND,ND,0.51,6.11384498244526,4495.13343799058,236954.206,15.1176611661134,197,164,9544889.25,58.5
KEN,KE,Kenya,Nairobi,SSF,31408632915.3409,775.279032756728,5.3,ND,ND,ND,ND,ND,1.27,5.66561234115754,147.43227111482,10392.278,0.270242232186892,ND,ND,8993815.404,22.2
KGZ,KG,Kyrgyz Republic,Bishkek,ECS,4616164824.64538,860.395286576396,-1.35779774568402,ND,ND,ND,ND,ND,0.79,17.4125874125874,1401.89861402705,6208.231,1.17626916008261,ND,ND,1963651.30327826,36.6
KHM,KH,Cambodia,Phnom Penh,EAS,11242266333.9246,795.166470962971,5.96307857522112,ND,ND,ND,ND,ND,0.98,7.31800766283525,130.777842713603,4602.085,0.332938112274323,ND,ND,3223522.14,22.8
KIR,KI,Kiribati,Tarawa,EAS,151175993.979672,1518.65463182521,1.8,ND,ND,ND,ND,ND,ND,ND,ND,29.336,0.303899225127419,ND,ND,43800.24,44
KNA,KN,St. Kitts and Nevis,Basseterre,LCN,651701399.62963,12436.5749328199,-4.99929676318415,ND,ND,ND,ND,ND,ND,ND,ND,249.356,4.87957418496341,ND,ND,16978.248,32.4
KOR,KR,"Korea, Rep.",Seoul,EAS,1014483158313.58,20756.6886611475,6.16184325360058,44617.304,246515.955,5.35841236477031,15.9320036709186,81.9008453225674,1.35,11.9742141302336,8979.71157199417,509170.284,10.4752460345218,346,257,40028625,81.9
KSV,KV,Kosovo,Pristina,ECS,5552317880.7947,3059.1283089778,4,ND,ND,ND,ND,ND,1.6,ND,ND,ND,ND,ND,ND,ND,ND
KWT,KW,Kuwait,Kuwait City,MEA,ND,ND,ND,ND,ND,ND,ND,ND,0.21,13.9363280209958,17609.9635489135,76742.976,30.1147589166485,ND,ND,2692944.288,98.4
LAC,XJ,Latin America & Caribbean (developing only),"",NA,4982058723369.45,8552.0927964969,6.2176033791784,ND,ND,8.17436165378179,6.23787731859472,-13.0057845738164,0.98,23.4336676895327,1892.44412262561,1584103.663,2.78135096399118,ND,ND,462009528.395,79.3075429072338
LAO,LA,Lao PDR,Vientiane,EAS,7296361373.94051,1176.66281248164,9.44477139772175,ND,ND,ND,ND,ND,0.97,ND,ND,1532.806,0.254534331694731,ND,ND,2058696.808,33.2
LBN,LB,Lebanon,Beirut,MEA,39006223284.1659,9226.57085908754,7.00000000000003,ND,ND,ND,ND,ND,0.77,28.8248760015261,3130.10038146386,17099.221,4.10356846731935,ND,ND,3686464.584,87.2
LBR,LR,Liberia,Monrovia,SSF,986201593.736894,246.913237436637,5.51470588235294,ND,ND,ND,ND,ND,0.96,ND,ND,608.722,0.166387496378258,ND,ND,2456385.03,61.5
LBY,LY,Libya,Tripoli,MEA,ND,ND,ND,ND,ND,ND,ND,ND,0.13,18.7146698863948,4170.1083579887,58330.969,9.48529648986441,ND,ND,4950632.248,77.9
LCA,LC,St. Lucia,Castries,LCN,1197809020,6883.95988505747,3.09933072225914,ND,ND,ND,ND,ND,ND,ND,ND,396.036,2.32682367474563,ND,ND,48720,28
LCN,ZJ,Latin America & Caribbean (all income levels),"",NA,5196085366153.86,8822.25180286091,6.17414611215979,ND,ND,8.17436165378179,6.23787731859472,-13.0057845738164,0.98,22.9294381998398,1901.20135252507,1676517.28643691,2.91103523499028,ND,ND,466738085.658,79.2741956920132
LDC,XL,Least developed countries: UN classification,"",NA,606616927158.134,726.373454627729,5.42895465764173,ND,ND,ND,ND,ND,1.07,7.25214655905938,165.048451118413,192312.447301164,0.240639147993605,ND,ND,246684508.059571,29.5384237234881
LIC,XM,Low income,"",NA,416485642975.312,523.051430217361,5.90918489909652,ND,ND,ND,ND,ND,1.15,5.01283131135509,229.523605436801,219121.585,0.286804777781425,ND,ND,225199097.65885,28.2820577613771
LIE,LI,Liechtenstein,Vaduz,ECS,ND,ND,ND,ND,ND,ND,ND,ND,1.77,ND,ND,ND,ND,ND,ND,5116.544,14.2
LKA,LK,Sri Lanka,Colombo,SAS,49551751282.5049,2375.44930155413,8.01146816897176,ND,ND,ND,ND,ND,0.66,19.3844432008954,408.483332302812,11763.736,0.574575143577408,61,19,3149852.299,15.1
LMC,XN,Lower middle income,"",NA,4312929690659.7,1749.61415064942,6.92701732165591,ND,ND,ND,ND,ND,0.91,9.93853183664397,657.601599097919,3743902.66448845,1.56550021275414,ND,ND,975897627.72682,39.6181369796017
LMY,XO,Low & middle income,"",NA,20070603392047.8,3512.83564249118,7.57325024235422,ND,ND,8.35784842335389,6.33314874287569,15.8095620158554,0.98,10.0600477928117,1539.39480026266,16822433.2185276,3.01789944764108,ND,ND,2609643704.65031,45.6911535246041
LSO,LS,Lesotho,Maseru,SSF,2132495560.71575,982.120334615081,3.30000000000001,ND,ND,ND,ND,ND,1.07,ND,ND,ND,ND,ND,ND,584084.542,26.9
LTU,LT,Lithuania,Vilnius,ECS,36306384146.1075,10933.4975216064,1.3301928052779,ND,ND,ND,ND,ND,1.42,17.7835894083034,3430.79830966481,15130.042,4.50551633877935,546,498,2231480.832,67.2
LUX,LU,Luxembourg,Luxembourg,ECS,53333642384.106,105437.670653056,2.67806902010253,103.975,4204.806,8.2886244648525,0.389054810138684,97.5272343123559,1.36,52.2214129643117,14423.9558201064,10502.288,21.4924547221938,747,673,415793.082,82.2
LVA,LV,Latvia,Riga,ECS,24009680459.9868,10704.6721589158,-0.34350356354193,ND,ND,ND,ND,ND,1.49,24.3309545049063,2874.7127282984,7590.69,3.34968011035729,474,412,1529668.712,68.2
MAC,MO,"Macao SAR, China","",EAS,27960168078.4283,51429.8896332024,26.3640783634058,ND,ND,ND,ND,ND,ND,ND,ND,1334.788,2.57450965642678,161,144,543656,100
MAF,MF,St. Martin (French part),Marigot,LCN,ND,ND,ND,ND,ND,ND,ND,ND,ND,ND,ND,ND,ND,ND,ND,ND,ND
MAR,MA,Morocco,Rabat,MEA,90804562195.5566,2795.54239896828,3.67789979779386,ND,ND,ND,ND,ND,0.88,23.7363958069039,755.566924288161,47905.688,1.52948485499699,ND,ND,18116450.604,56.7
MCO,MC,Monaco,Monaco,ECS,ND,ND,ND,ND,ND,ND,ND,ND,1.69,ND,ND,ND,ND,863,732,35407,100
MDA,MD,Moldova,Chisinau,ECS,5808796184.00841,1630.73977488556,6.94645761593735,ND,ND,ND,ND,ND,1.08,9.77777777777778,1018.06061976053,4774.434,1.337336387957,139,101,1467569.544,41.2
MDG,MG,Madagascar,Antananarivo,SSF,8720543553.67353,421.001243357081,1.56568596663229,ND,ND,ND,ND,ND,1.26,ND,ND,1910.507,0.0977427318402548,27,8,6255573.338,30.2
MDV,MV,Maldives,Male,SAS,1908460937.5,6041.63204172404,9.8610109929717,ND,ND,ND,ND,ND,0.83,ND,ND,920.417,2.99194167056743,23,11,127933.425,40.5
MEA,ZQ,Middle East & North Africa (all income levels),"",NA,2468404666429.75,6448.27067047133,3.67716043128021,ND,ND,9.05590940937547,4.76575962543012,82.9739518079416,0.45,18.2938571929302,2445.20132351921,2072551.73,5.63564226975495,ND,ND,235916227.477607,61.6289424105002
MEX,MX,Mexico,Mexico City,LCN,1034804491265.37,9123.40585653083,5.38829406677969,217685.796,169833.374,8.30869527890593,6.26569722391548,-28.1761004171065,0.72,27.8187204119487,1942.84079772697,475833.587,4.30123665474621,264,181,88243130.566,77.8
MHL,MH,Marshall Islands,Majuro,EAS,162935849.808117,3015.20873844548,5.20221010362303,ND,ND,ND,ND,ND,ND,ND,ND,99.009,1.87233358547655,ND,ND,38799.284,71.8
MIC,XP,Middle income,"",NA,19631105138902.7,3992.29879056655,7.61372261286522,ND,ND,8.35784842335389,6.33314874287569,15.8095620158554,0.97,10.2311021619493,1693.38836440396,16603810.2595964,3.45178510257095,ND,ND,2384444606.99146,48.5114093810574
MKD,MK,"Macedonia, FYR",Skopje,ECS,9189454662.79445,4459.68148646484,1.8,ND,ND,ND,ND,ND,1.27,12.7296165001611,3441.80605600337,11815.074,5.75636338478868,144,129,1399122.277,67.9
MLI,ML,Mali,Bamako,SSF,9251388616.875,601.919556506851,4.4999999999999,ND,ND,ND,ND,ND,1.25,ND,ND,594.054,0.0410826010253119,ND,ND,5118146.397,33.3
MLT,MT,Malta,Valletta,MEA,8255629139.07285,19991.3046003687,3.145,ND,ND,ND,ND,ND,1.66,21.7338217338217,4423.04435142394,2559.566,6.21329287534895,674,558,391074.067,94.7
MMR,MM,Myanmar,Naypyidaw,EAS,ND,ND,10.4163201825672,ND,ND,ND,ND,ND,0.8,6.90535452166699,103.694485793624,12775.828,0.27038609160595,7,5,16259461.068,33.9
MNA,XQ,Middle East & North Africa (developing only),"",NA,ND,ND,ND,ND,ND,ND,ND,ND,0.56,19.4833232318961,1496.71015891163,1230256.498,3.84418980507954,88.4182010277082,67.1874343774444,192236817.427607,58.0313211018112
MNE,ME,Montenegro,Podgorica,ECS,4111066225.16556,6510.10502963715,2.49999999999999,ND,ND,ND,ND,ND,1.49,ND,ND,1950.844,3.10058885701344,ND,ND,375736.55,59.5
MNG,MN,Mongolia,Ulaanbaatar,EAS,6200357070.11479,2249.76589998146,6.36516168494865,ND,ND,ND,ND,ND,1.04,13.1345177664975,1410.57559228502,10894.657,4.08425986532577,72,48,1584700.575,57.5
MNP,MP,Northern Mariana Islands,Saipan,EAS,ND,ND,ND,ND,ND,ND,ND,ND,ND,ND,ND,ND,ND,ND,ND,55617.221,91.3
MOZ,MZ,Mozambique,Maputo,SSF,9586185528.38289,409.82779008651,7.20006860717393,ND,ND,ND,ND,ND,0.86,4.3805024694009,453.352209957501,2313.877,0.103608443148897,13,9,8982053.76,38.4
MRT,MR,Mauritania,Nouakchott,SSF,3636296935.99746,1051.02182599768,5.00666616940619,ND,ND,ND,ND,ND,0.99,ND,ND,1998.515,0.606482838652195,ND,ND,1432346.022,41.4
MUS,MU,Mauritius,Port Louis,SSF,9728729228.52939,7593.36787494469,4.03524609017003,ND,ND,ND,ND,ND,1.23,ND,ND,3953.026,3.11543014405125,159,123,545797.164,42.6
MWI,MW,Malawi,Lilongwe,SSF,5106263006.66276,342.682873178954,7.09999999999999,ND,ND,ND,ND,ND,1.54,ND,ND,1228.445,0.087714037009198,ND,ND,2950366.518,19.8
MYS,MY,Malaysia,Kuala Lumpur,EAS,237796914597.179,8372.83096577771,7.19392223726412,ND,ND,ND,ND,ND,0.56,19.4039698685875,3613.53081166873,208267.265,7.57280213866566,334,298,20505534.274,72.2
MYT,YT,Mayotte,Mamoudzou,SSF,ND,ND,ND,ND,ND,ND,ND,ND,ND,ND,ND,ND,ND,ND,ND,ND,ND
NAC,XU,North America,"",NA,16169780751917.6,47111.4282136378,3.01501448075068,2137144.43664697,2490856.60875959,5.736850930079,12.5893083087245,14.2004228934224,0.96,22.0549909370463,13157.5782494279,6005493.571,17.7808524129935,788.876223620495,445.870409942479,281905075.68,82.1343896971731
NAM,NA,Namibia,Windhoek,SSF,12170331921.8686,5330.17586554685,4.80000000000001,ND,ND,ND,ND,ND,1.09,33.2762557077626,1576.21634929739,3967.694,1.80315139550504,ND,ND,867649.82,38
NCL,NC,New Caledonia,Noum'ea,EAS,ND,ND,ND,ND,ND,ND,ND,ND,ND,ND,ND,3149.953,12.7680954986725,ND,ND,166370,65.5
NER,NE,Niger,Niamey,SSF,5548814097.96942,357.712152555479,8.80566801619432,ND,ND,ND,ND,ND,1.16,ND,ND,850.744,0.0588749887802822,ND,ND,2590496.151,16.7
NGA,NG,Nigeria,Abuja,SSF,193668738106.961,1222.47726413525,7.85000000000002,ND,ND,ND,ND,ND,0.77,7.84662996149556,120.507685538337,95756.371,0.63555508608361,ND,ND,78894744.636,49.8
NIC,NI,Nicaragua,Managua,LCN,6551182459.18646,1131.82411400413,7.56962945521377,ND,ND,ND,ND,ND,0.99,12.7556818181818,459.526148684029,4330.727,0.768462040355406,ND,ND,3316617.399,57.3
NLD,NL,Netherlands,Amsterdam,ECS,779356291390.729,46914.6579923294,1.6895714694454,69741.593,83328.964,7.37708560673914,1.72125624890764,16.3057001404698,1.71,14.618290433102,6895.66391303096,173749.794,10.5651279342739,515,449,13771524.577,82.9
NOC,XR,High income: nonOECD,"",NA,2302136301691.58,24452.8535240639,7.65897544224205,ND,ND,ND,ND,ND,ND,14.6411320353229,8394.56834336609,1312126.63491361,14.575915454537,ND,ND,58914614.5620236,83.2160675821208
NOR,NO,Norway,Oslo,ECS,412989604299.391,84538.2426041281,0.676520209005773,205085.75,30935.119,7.38034707578731,32.9239593356664,-562.95445638984,2.01,11.7728345129761,23549.6899182103,49992.211,10.4844774099809,575,461,3790946.24,77.6
NPL,NP,Nepal,Kathmandu,SAS,ND,ND,4.5532973996427,ND,ND,ND,ND,ND,0.91,3.1431778752934,90.9531265910214,3542.322,0.122548975176159,ND,ND,5452604.248,18.2
NZL,NZ,New Zealand,Wellington,EAS,ND,ND,ND,16555.144,18313.355,ND,32.1176977129532,9.60070396713218,0.97,25.3203424859758,9346.35525279207,33094.675,7.75250650050364,733,616,3791250.4,86.8
OEC,XS,High income: OECD,"",NA,40819590411112,39521.0756184507,2.94403397352372,3631555.079,5106919.546,6.77891257410743,14.7615973623564,28.8895184995734,1.62,19.1703258898821,9117.35106515631,12012813.308,11.7480525923727,637.868586314361,440.897862932487,797181564.861428,77.1822367378455
OED,OE,OECD members,"",NA,42808504128668.1,34630.6404161429,3.08015253303331,3889083.499,5412807.514,6.8705825180284,14.285289824182,28.1503454733787,1.615,19.3507037686144,7984.23730315805,12845735.688,10.5216758981556,566.359102902156,391.408516138566,951291495.947428,76.9562833311618
OMN,OM,Oman,Muscat,MEA,ND,ND,ND,ND,ND,ND,ND,ND,0.38,11.2570698777595,5723.89119887203,45749.492,17.3493113100184,ND,ND,1995005.895,71.7
PAK,PK,Pakistan,Islamabad,SAS,176869569654.043,1018.87276229903,4.14424149288783,ND,ND,ND,ND,ND,0.92,12.7331329446275,449.322762669338,163177.833,0.974531966715356,ND,ND,64229551.71,37
PAN,PA,Panama,Panama City,LCN,26688773969.7845,7588.89393536901,4.83106947259033,ND,ND,ND,ND,ND,0.77,17.3163159710245,1735.46268365271,6912.295,2.02915643007004,120,ND,2630581.36,74.8
PER,PE,Peru,Lima,LCN,157053003533.569,5401.37013454602,8.78497281907451,ND,ND,ND,ND,ND,1.1,29.1026512576479,1135.71409749057,40535.018,1.42411329268549,55,35,20818782.592,71.6
PHL,PH,Philippines,Manila,EAS,199589447423.747,2140.12159132229,7.63226391525633,ND,ND,ND,ND,ND,0.84,16.7190201378236,593.45873732281,83156.559,0.922187692722996,ND,ND,61925169.872,66.4
PLW,PW,Palau,Koror,EAS,171345538.906861,8369.75082585292,2,ND,ND,ND,ND,ND,ND,ND,ND,212.686,10.5144354360293,ND,ND,16930.344,82.7
PNG,PG,Papua New Guinea,Port Moresby,EAS,9480047958.80839,1382.28058795159,8,ND,ND,ND,ND,ND,ND,ND,ND,2108.525,0.321948193294273,ND,ND,857283.25,12.5
POL,PL,Poland,Warsaw,ECS,469440132669.983,12293.0351603641,3.9440480107431,67791.289,101710.071,6.51427655417628,0.401851061533523,33.3484989898395,1.5,15.2133713386663,3590.8320811579,316066.064,8.29009237560359,495,422,23370742.656,61.2
PRI,PR,Puerto Rico,San Juan,LCN,ND,ND,ND,ND,ND,ND,ND,ND,ND,ND,ND,ND,ND,ND,ND,3930957.576,98.8
PRK,KP,"Korea, Dem. Rep.",Pyongyang,EAS,ND,ND,ND,ND,ND,ND,ND,ND,ND,1.99901283316881,732.687055409567,78371.124,3.24836505379662,ND,ND,15435509.186,63.4
PRT,PT,Portugal,Lisbon,ECS,228872317880.795,21504.8141638868,1.38316851998282,5963.793,23521.079,9.80413343829771,10.2936901831757,74.6449004316511,1.58,25.443933937663,4814.58609570183,56310.452,5.30109797086594,ND,ND,6460204.487,60.7
PRY,PY,Paraguay,Asuncion,LCN,18333172802.3815,2840.34959572406,15.0458528894414,ND,ND,ND,ND,ND,1.01,25.8715596330275,1055.99401566599,4118.041,0.660976090495361,ND,ND,3969547.02,61.5
PSE,PS,West Bank and Gaza,"",MEA,ND,ND,ND,ND,ND,ND,ND,ND,1.54,ND,ND,2053.52,0.521554188406346,39,30,2993665.542,72.1
PYF,PF,French Polynesia,Papeete,EAS,ND,ND,ND,ND,ND,ND,ND,ND,1.56,ND,ND,891.081,3.36840414151304,ND,ND,139714.224,51.6
QAT,QA,Qatar,Doha,MEA,ND,ND,ND,ND,ND,ND,ND,ND,0.19,11.9205572601377,14420.7690117132,68477.558,49.0505837857972,ND,ND,1684923.694,95.8
ROU,RO,Romania,Bucharest,ECS,161623662680.931,7537.70973922277,0.947891354095404,ND,ND,ND,ND,ND,1.46,11.8207211782631,2266.71746025598,94659.938,4.40000005577861,219,187,11707338.552,54.6
RUS,RU,Russian Federation,Moscow,ECS,1479819314058.23,10439.6424272186,4.03427862646649,ND,ND,ND,ND,ND,0.72,6.58209526804969,6135.5727881565,1708653.318,12.0370082282494,ND,ND,103194000,72.8
RWA,RW,Rwanda,Kigali,SSF,5627667377.43016,529.712418003395,7.50000000000001,ND,ND,ND,ND,ND,1.62,ND,ND,704.064,0.0703776014854721,4,2,2007936.945,18.9
SAS,8S,South Asia,"",NA,2090410285565.44,1323.48867403567,8.09799255956307,ND,ND,ND,ND,ND,0.825,7.35745979293528,534.651911251031,1970176.424,1.28284124712525,ND,ND,475989411.307571,30.1360263665214
SAU,SA,Saudi Arabia,Riyadh,MEA,434666133333.333,15835.9360041838,3.76199318172318,ND,ND,ND,ND,ND,0.067,19.6311881188119,7427.21549264699,433556.744,16.5690650602854,ND,ND,22946599.896,83.6
SDN,SD,Sudan,Khartoum,SSF,62045783132.5301,1424.6387579495,4.45058796043922,ND,ND,ND,ND,ND,0.43,14.4288316419464,114.270085468798,14051.944,0.33929476678716,ND,ND,19685477.332,45.2
SEN,SN,Senegal,Dakar,SSF,12954023882.2623,1041.84552551434,4.16752916187231,ND,ND,ND,ND,ND,1.34,24.3091990206366,196.004498274326,4976.119,0.422165697261325,23,17,5334069.312,42.9
SGP,SG,Singapore,Singapore,EAS,208765019307.673,41122.1894749883,14.4712716272371,ND,ND,ND,ND,ND,1.04,12.9190735841926,7948.91330499639,32295.269,6.67340352109766,150,114,5076700,100
SLB,SB,Solomon Islands,Honiara,EAS,678625481.686752,1261.03875083946,7,ND,ND,ND,ND,ND,ND,ND,ND,198.018,0.388102410524067,ND,ND,100095.528,18.6
SLE,SL,Sierra Leone,Freetown,SSF,1905015045.13541,324.670363357874,4.9485,ND,ND,ND,ND,ND,0.94,ND,ND,1334.788,0.237839864336689,ND,ND,2253133.824,38.4
SLV,SV,El Salvador,San Salvador,LCN,21214700000,3425.59728389811,1.42621010073935,ND,ND,ND,ND,ND,0.89,16.4891437935272,845.071840034361,6112.889,0.99726916543712,ND,ND,3796304.709,61.3
SMR,SM,San Marino,San Marino,ECS,ND,ND,ND,ND,ND,ND,ND,ND,ND,ND,ND,ND,ND,ND,ND,29736.562,94.3
SOM,SO,Somalia,Mogadishu,SSF,ND,ND,ND,ND,ND,ND,ND,ND,ND,ND,ND,649.059,0.0727460307141912,ND,ND,3489746.128,37.4
SRB,RS,Serbia,Belgrade,ECS,38423239717.48,5268.81725402855,0.95430337641092,ND,ND,ND,ND,ND,1.48,11.5207085828343,4224.39766544863,49933.539,6.79347450913381,227,202,3821308.776,52.4
SSA,ZF,Sub-Saharan Africa (developing only),"",NA,1097898685449.88,1286.2489790407,4.83211656943435,ND,ND,ND,ND,ND,1.15,8.47686959498373,511.482924607811,684558.623763832,0.842532043052819,ND,ND,319425306.755,37.4313908055616
SSD,SS,South Sudan,Juba,SSF,ND,ND,ND,ND,ND,ND,ND,ND,ND,ND,ND,ND,ND,ND,ND,ND,ND
SSF,ZG,Sub-Saharan Africa (all income levels),"",NA,1112011535845.88,1301.71483000892,4.7871946121159,ND,ND,ND,ND,ND,1.15,8.47686959498373,511.482924607811,689401.490210823,0.847801380073564,ND,ND,319703365.952,37.4332512503488
STP,ST,Sao Tome and Principe,Sao Tome,SSF,196806609.568997,1189.9043487427,4.5,ND,ND,ND,ND,ND,ND,ND,ND,128.345,0.802898931511648,ND,ND,102876.934,62.2
SUR,SR,Suriname,Paramaribo,LCN,ND,ND,ND,ND,ND,ND,ND,ND,1.12,ND,ND,2438.555,4.73445150718549,ND,ND,396624.816,75.6
SVK,SK,Slovak Republic,Bratislava,ECS,87268098543.0464,16061.2506189516,4.24355409010208,6135.721,17266.642,6.34112336087737,25.2235205895854,64.4648855289871,1.53,11.1942744755245,4924.71288656274,37557.414,6.94655298886958,ND,ND,3086203.008,56.8
SVN,SI,Slovenia,Ljubljana,ECS,46908328071.5232,22850.6665079533,1.37953935200417,3544.587,7093.108,7.23559471171559,26.2693307362584,50.0277311440909,1.62,25.7272139625081,6103.44129366088,17157.893,8.48847631938796,565,520,985354.08,48
SWE,SE,Sweden,Stockholm,ECS,458973278963.643,48935.665041742,5.60992572912606,32546.947,50777.669,6.23851207972469,42.2377265880401,35.9030305231223,1.82,15.6819648330376,14141.7204790227,49049.792,5.32014351541172,521,464,7944111.252,84.7
SWZ,SZ,Swaziland,Mbabane,SSF,3645267040.02185,3073.43585802176,1.09999999999999,ND,ND,ND,ND,ND,1.1,ND,ND,1092.766,0.949947146244949,ND,ND,302444.28,25.5
SXM,SX,Sint Maarten (Dutch part),Philipsburg,LCN,ND,ND,ND,ND,ND,ND,ND,ND,ND,ND,ND,ND,ND,ND,ND,ND,ND
SYC,SC,Seychelles,Victoria,SSF,936609214.451442,10824.7236573411,6.2,ND,ND,ND,ND,ND,ND,ND,ND,682.062,7.84376006256038,ND,ND,47848.325,55.3
SYR,SY,Syrian Arab Republic,Damascus,MEA,59147033451.8526,2892.7552090533,3.2,ND,ND,ND,ND,ND,0.45,19.7248870615705,1562.82191565929,71598.175,3.64594113224803,62,27,11225188.1055964,54.9
TCA,TC,Turks and Caicos Islands,Grand Turk,LCN,ND,ND,ND,ND,ND,ND,ND,ND,ND,ND,ND,157.681,4.38489988876529,ND,ND,ND,93.3
TCD,TD,Chad,N'Djamena,SSF,7587673160.67574,675.829036094793,4.3,ND,ND,ND,ND,ND,1.31,ND,ND,495.045,0.0464666847260151,ND,ND,3098709.408,27.6
TGO,TG,Togo,Lome,SSF,3153400897.31795,523.143094263933,3.3682852883199,ND,ND,ND,ND,ND,1.17,11.392898946547,110.812542285405,1419.129,0.245658480583752,ND,ND,2616064.332,43.4
THA,TH,Thailand,Bangkok,EAS,318522264428.7,4608.10141681329,7.81051239474012,ND,ND,ND,ND,ND,0.95,16.4553773822517,2044.825059403,285732.64,4.18545607514808,ND,ND,23501559.56,34
TJK,TJ,Tajikistan,Dushanbe,ECS,5640410958.90411,819.989622784879,3.79999999999998,ND,ND,ND,ND,ND,0.91,4.0513437625351,1985.29054057042,3146.286,0.470197339397222,ND,ND,1822838.805,26.5
TKM,TM,Turkmenistan,Ashgabat,ECS,20000701754.386,3966.82300446271,9.2,ND,ND,ND,ND,ND,0.2,5.12384394599766,2445.944230865,47839.682,9.7266836586562,106,80,2495787.525,49.5
TLS,TL,Timor-Leste,Dili,EAS,701000000,623.468566422527,7.42177398500129,ND,ND,ND,ND,ND,0.9,ND,ND,190.684,0.176600302477705,ND,ND,315943.755,28.1
TON,TO,Tonga,Nuku'alofa,EAS,348330401.5244,3347.46392900498,-0.479212707001281,ND,ND,ND,ND,ND,ND,ND,ND,176.016,1.71038771742299,ND,ND,26326.674,25.3
TTO,TT,Trinidad and Tobago,Port-of-Spain,LCN,20603922191.3458,15359.2692998668,0.0999999999999943,ND,ND,ND,ND,ND,ND,4.03400309119011,5661.694662098,49772.191,37.3934600012021,ND,ND,186463.635,13.9
TUN,TN,Tunisia,Tunis,MEA,44290845562.5437,4198.5425830207,3.69999999999999,ND,ND,ND,ND,ND,0.82,16.9862715188494,1311.25713628875,25012.607,2.4216138214137,114,76,7099544.3,67.3
TUR,TR,Turkey,Ankara,ECS,734364471759.678,10094.0344072808,9.00558549386332,30286.836,104799.515,8.70992133742435,6.51595477326398,71.1002135840037,2.03,13.6007390712879,2297.79685531646,283979.814,4.00401690661222,138,92,50635618.2,69.6
TUV,TV,Tuvalu,Funafuti,EAS,31350804.1281109,3190.27212049566,-1.86781500392733,ND,ND,ND,ND,ND,ND,ND,ND,ND,ND,ND,ND,ND,50.4
TZA,TZ,Tanzania,Dodoma,SSF,23056525009.402,527.037846708932,6.98499223724218,ND,ND,ND,ND,ND,1.19,5.74457983858205,85.6754152087027,6464.921,0.152951924221415,ND,ND,11838083.664,26.4
UGA,UG,Uganda,Kampala,SSF,17010765766.6991,508.928260193195,5.18151105127076,ND,ND,ND,ND,ND,1.11,ND,ND,3747.674,0.119583494153301,7,3,4445482.839,13.3
UKR,UA,Ukraine,Kiev,ECS,137929309475.806,3006.91529616523,4.2,ND,ND,ND,ND,ND,0.92,6.02307867462888,3200.46554752862,323532.076,6.99404810390374,152,138,31237946.7,68.1
UMC,XT,Upper middle income,"",NA,15315491035453.2,6245.6922447059,7.81540587706175,ND,ND,8.35784842335389,6.33314874287569,15.8095620158554,1.02,10.3362374078044,2714.09532528182,12859967.139812,5.31688332320815,74.9129410900772,55.8189060193181,1408546979.26464,57.4456493791576
URY,UY,Uruguay,Montevideo,LCN,40264991931.4572,11995.8243057398,8.46767527179783,ND,ND,ND,ND,ND,1.44,20.6888304233437,2670.90152343631,8327.757,2.49778857678285,ND,ND,3104840.2,92.5
USA,US,United States,Washington D.C.,NAC,14586736313339,47198.5044470455,3,1740906.878,2234994.871,5.85440117101727,11.5987370424708,22.1068960564966,0.84,22.7001360060463,12903.8067535919,5461013.744,17.9417289330595,809,451,254348821.568,82.3
UZB,UZ,Uzbekistan,Tashkent,ECS,38981605338.3389,1384.27219813292,8.5,ND,ND,ND,ND,ND,0.83,3.38607156293935,1635.92885105034,124905.354,4.57299282045274,ND,ND,10391173.346722,36.9
VCT,VC,St. Vincent and the Grenadines,Kingstown,LCN,704776456.296296,6446.14577754471,-1.28790299846274,ND,ND,ND,ND,ND,ND,ND,ND,201.685,1.84730440198575,204,85,52261.174,47.8
VEN,VE,"Venezuela, RB",Caracas,LCN,391847491771.675,13589.7722054406,-1.48879125078348,ND,ND,ND,ND,ND,0.011,24.1212537248233,3151.56426155581,169532.744,6.06882921066762,ND,ND,27103960,94
VIR,VI,Virgin Islands (U.S.),Charlotte Amalie,LCN,ND,ND,ND,ND,ND,ND,ND,ND,ND,ND,ND,ND,ND,ND,ND,104615.575,95.3
VNM,VN,Vietnam,Hanoi,EAS,106426845156.813,1224.19109022706,6.78342444750739,ND,ND,ND,ND,ND,0.77,13.10443490701,917.57474024872,127384.246,1.49648501039093,ND,ND,25037701.7524912,28.8
VUT,VU,Vanuatu,Port-Vila,EAS,698753388.292431,2915.71238297537,3.04814523548207,ND,ND,ND,ND,ND,ND,ND,ND,91.675,0.402011041874049,ND,ND,61350.656,25.6
WLD,1W,World,"",NA,63123887517709.3,9227.95452066298,4.21297114883284,ND,ND,6.8705825180284,14.285289824182,28.1503454733787,1.07,14.2258067321932,2825.79564702185,32082583,4.7979150144039,ND,ND,3465739884.07376,50.8535455488627
WSM,WS,Samoa,Apia,EAS,573509396,3132.54458955326,1.71105166379294,ND,ND,ND,ND,ND,1.06,ND,ND,161.348,0.887458816670242,ND,ND,42840.954,23.4
YEM,YE,"Yemen, Rep.",Sana'a,MEA,ND,ND,ND,ND,ND,ND,ND,ND,0.23,27.4404921101899,218.833726405288,23384.459,1.03349439011924,ND,ND,7648699.452,31.8
ZAF,ZA,South Africa,Pretoria,SSF,363703902726.737,7275.34396438455,2.84113685841747,ND,ND,ND,ND,ND,1.14,10.643249633799,4532.02190179876,435877.955,8.93320268213762,ND,ND,30844632.1,61.7
ZMB,ZM,Zambia,Lusaka,SSF,16192857209.2883,1252.69571845424,7.61017402535693,ND,ND,ND,ND,ND,1.52,1.67233174711081,635.033110532071,1888.505,0.152549611409469,ND,ND,4614728.013,35.7
ZWE,ZW,Zimbabwe,Harare,SSF,7474000000,594.521524717825,9.00000000000001,ND,ND,ND,ND,ND,1.15,3.57668840732169,1026.21518436119,9075.825,0.728891591989844,ND,ND,4814866.882,38.3
